name,datetime,tempmax,tempmin,temp,feelslikemax,feelslikemin,feelslike,dew,humidity,precip,precipprob,precipcover,preciptype,snow,snowdepth,windgust,windspeed,winddir,sealevelpressure,cloudcover,visibility,solarradiation,solarenergy,uvindex,severerisk,sunrise,sunset,moonphase,conditions,description,icon,stations
"Chicago,United States",1971-01-01,3.9,-1.6,1.1,-0.6,-7.3,-3.9,-3.7,70.5,,0,0,,,,,35.3,193.1,1011.9,90.8,7.2,,,,,1971-01-01T07:18:26,1971-01-01T16:29:46,0.15,Overcast,Cloudy skies throughout the day.,cloudy,99999914819
"Chicago,United States",1971-01-02,2.9,-3.3,-0.4,-0.5,-9.5,-4.4,-6.7,63.2,,0,0,,,,,25.9,262.8,1019,58.3,20.9,,,,,1971-01-02T07:18:31,1971-01-02T16:30:37,0.19,Partially cloudy,Partly cloudy throughout the day.,partly-cloudy-day,99999914819
"Chicago,United States",1971-01-03,2.9,-2.1,0.6,-1.5,-7.2,-5,-3.2,75.9,,0,0,,,,,37.1,88.1,1014.4,99.2,6.3,,,,,1971-01-03T07:18:34,1971-01-03T16:31:31,0.25,Overcast,Cloudy skies throughout the day.,cloudy,99999914819
"Chicago,United States",1971-01-04,5.1,-11.1,-1.8,0.3,-20.7,-8.8,-6.2,72.2,,0,0,,,,,37.1,226.1,1002.8,85.8,10.8,,,,,1971-01-04T07:18:35,1971-01-04T16:32:26,0.26,Partially cloudy,Partly cloudy throughout the day.,partly-cloudy-day,99999914819
"Chicago,United States",1971-01-05,-11.6,-17.1,-14.7,-20,-27.5,-24.8,-20.9,59.2,,0,0,,,,,29.5,250.4,1023,0,19.4,,,,,1971-01-05T07:18:34,1971-01-05T16:33:22,0.29,Clear,Clear conditions throughout the day.,clear-day,99999914819
"Chicago,United States",1971-01-06,-13.8,-20,-16.9,-22.8,-29.7,-26.4,-23.9,54.6,,0,0,,,,,25.9,246.6,1032.3,0,22.5,,,,,1971-01-06T07:18:30,1971-01-06T16:34:20,0.33,Clear,Clear conditions throughout the day.,clear-day,99999914819
"Chicago,United States",1971-01-07,-11.6,-19.4,-15.6,-18.1,-28.3,-23.2,-23.9,50.3,,0,0,,,,,20.5,247.6,1033.2,0,22,,,,,1971-01-07T07:18:24,1971-01-07T16:35:19,0.37,Clear,Clear conditions throughout the day.,clear-day,99999914819
"Chicago,United States",1971-01-08,-3.8,-16.1,-9.5,-9.9,-21.5,-15,-16.6,56.2,,0,0,,,,,22.3,166.9,1025.9,34.6,13.7,,,,,1971-01-08T07:18:15,1971-01-08T16:36:20,0.4,Partially cloudy,Partly cloudy throughout the day.,partly-cloudy-day,99999914819
"Chicago,United States",1971-01-09,0.1,-8.3,-4.3,-5.9,-15.5,-10.9,-10.9,60.1,,0,0,,,,,31.7,178.3,1012.1,75.4,14.1,,,,,1971-01-09T07:18:04,1971-01-09T16:37:22,0.44,Partially cloudy,Partly cloudy throughout the day.,partly-cloudy-day,99999914819
"Chicago,United States",1971-01-10,-0.6,-4.9,-2.7,-0.6,-10.2,-6.5,-8.1,66.6,,0,0,,,,,20.5,259.6,1014.5,69.6,11.1,,,,,1971-01-10T07:17:51,1971-01-10T16:38:25,0.47,Partially cloudy,Partly cloudy throughout the day.,partly-cloudy-day,99999914819
"Chicago,United States",1971-01-11,-1.6,-7.8,-4.5,-2.8,-14,-9.1,-9.7,66.9,,0,0,,,,,18.7,277.4,1019.6,75,6.5,,,,,1971-01-11T07:17:35,1971-01-11T16:39:30,0.5,Partially cloudy,Partly cloudy throughout the day.,partly-cloudy-day,99999914819
"Chicago,United States",1971-01-12,-0.6,-7.8,-3.6,-7.2,-14,-9.9,-10.5,59.1,,0,0,,,,,31.7,65.1,1027,86.7,13.6,,,,,1971-01-12T07:17:17,1971-01-12T16:40:36,0.54,Partially cloudy,Partly cloudy throughout the day.,partly-cloudy-day,99999914819
"Chicago,United States",1971-01-13,0.1,-2.8,-1.9,-3.9,-10.1,-7.6,-4.7,82.2,,0,0,,,,,29.5,114.4,1016.8,100,4.3,,,,,1971-01-13T07:16:57,1971-01-13T16:41:43,0.57,Overcast,Cloudy skies throughout the day.,cloudy,99999914819
"Chicago,United States",1971-01-14,0.7,-8.3,-3.6,-3.9,-15.1,-9.5,-6.4,81.2,,0,0,,,,,29.5,265.7,1018.8,90.8,8.6,,,,,1971-01-14T07:16:34,1971-01-14T16:42:50,0.6,Overcast,Cloudy skies throughout the day.,cloudy,99999914819
"Chicago,United States",1971-01-15,-7.8,-14.3,-10.9,-14.6,-22.8,-18.7,-18.2,55.2,,0,0,,,,,25.9,315.9,1032.2,3.3,20.8,,,,,1971-01-15T07:16:10,1971-01-15T16:43:59,0.64,Clear,Clear conditions throughout the day.,clear-day,99999914819
"Chicago,United States",1971-01-16,-7.1,-13.3,-10.4,-7.1,-21.3,-16,-15.3,68.4,,0,0,,,,,16.6,221.4,1027.1,89.6,11.2,,,,,1971-01-16T07:15:43,1971-01-16T16:45:09,0.67,Partially cloudy,Partly cloudy throughout the day.,partly-cloudy-day,99999914819
"Chicago,United States",1971-01-17,-4.3,-11.1,-6.9,-8.2,-18.5,-12.1,-9.5,81.9,,0,0,,,,,22.3,0.6,1016.8,95.8,5.5,,,,,1971-01-17T07:15:13,1971-01-17T16:46:19,0.7,Overcast,Cloudy skies throughout the day.,cloudy,99999914819
"Chicago,United States",1971-01-18,-8.8,-16.1,-12,-16.8,-24.7,-20.4,-18.1,60.8,,0,0,,,,,31.7,315.3,1019,45,15.8,,,,,1971-01-18T07:14:42,1971-01-18T16:47:31,0.73,Partially cloudy,Partly cloudy throughout the day.,partly-cloudy-day,99999914819
"Chicago,United States",1971-01-19,-7.1,-14.3,-11.5,-14.9,-23.8,-20,-18.4,56.8,,0,0,,,,,29.5,316.1,1026.9,4.6,18.7,,,,,1971-01-19T07:14:08,1971-01-19T16:48:43,0.75,Clear,Clear conditions throughout the day.,clear-day,99999914819
"Chicago,United States",1971-01-20,-2.8,-17.8,-9.7,-10.9,-25.7,-17.7,-16.6,57.7,,0,0,,,,,48.2,196,1022.2,65,14.8,,,,,1971-01-20T07:13:32,1971-01-20T16:49:56,0.8,Partially cloudy,Partly cloudy throughout the day.,partly-cloudy-day,99999914819
"Chicago,United States",1971-01-21,1.7,-2.1,0,-3.7,-9.8,-6.3,-5.1,68.8,,0,0,,,,,37.1,233,1009.8,57.1,14.6,,,,,1971-01-21T07:12:54,1971-01-21T16:51:09,0.83,Partially cloudy,Partly cloudy throughout the day.,partly-cloudy-day,99999914819
"Chicago,United States",1971-01-22,3.4,-6.6,-1.3,-0.5,-13.5,-7,-6.3,70.2,,0,0,,,,,40.7,232.8,1010.2,47.5,15,,,,,1971-01-22T07:12:14,1971-01-22T16:52:23,0.86,Partially cloudy,Partly cloudy throughout the day.,partly-cloudy-day,99999914819
"Chicago,United States",1971-01-23,2.2,-8.8,-3.1,-3.4,-16.5,-9.9,-11.4,53.9,,0,0,,,,,33.5,230,1014.4,12.9,23.6,,,,,1971-01-23T07:11:32,1971-01-23T16:53:38,0.9,Clear,Clear conditions throughout the day.,clear-day,99999914819
"Chicago,United States",1971-01-24,5.7,-4.3,0.4,2.3,-10.5,-4.2,-7.4,57,,0,0,,,,,22.3,197.2,1012.4,24.2,19.3,,,,,1971-01-24T07:10:48,1971-01-24T16:54:53,0.93,Partially cloudy,Clearing in the afternoon.,partly-cloudy-day,99999914819
"Chicago,United States",1971-01-25,6.7,-3.8,1.5,2.1,-7.1,-3.5,-2.8,73.6,,0,0,,,,,40.7,194.9,1005.3,62.9,12,,,,,1971-01-25T07:10:02,1971-01-25T16:56:08,0.96,Partially cloudy,Partly cloudy throughout the day.,partly-cloudy-day,99999914819
"Chicago,United States",1971-01-26,0.7,-15.6,-9.6,-7.4,-28.4,-20.5,-18.6,49.9,,0,0,,,,,55.8,297.2,1012.6,28.3,18.4,,,,,1971-01-26T07:09:14,1971-01-26T16:57:24,0,Partially cloudy,Partly cloudy throughout the day.,wind,99999914819
"Chicago,United States",1971-01-27,-13.3,-19.4,-15.8,-21.8,-31.7,-26.2,-25.4,44.7,,0,0,,,,,31.7,279.9,1023.9,49.6,17.6,,,,,1971-01-27T07:08:23,1971-01-27T16:58:40,0.03,Partially cloudy,Becoming cloudy in the afternoon.,partly-cloudy-day,99999914819
"Chicago,United States",1971-01-28,-11.6,-18.9,-14.5,-20.3,-29.7,-24.2,-22.7,50.7,,0,0,,,,,25.9,277.5,1019.8,59.6,21.3,,,,,1971-01-28T07:07:31,1971-01-28T16:59:57,0.06,Partially cloudy,Becoming cloudy in the afternoon.,partly-cloudy-day,99999914819
"Chicago,United States",1971-01-29,3.4,-12.1,-5.2,-2.7,-21.7,-13.1,-11,64.7,,0,0,,,,,46.4,238.6,1002,99.6,12.7,,,,,1971-01-29T07:06:37,1971-01-29T17:01:13,0.1,Overcast,Cloudy skies throughout the day.,cloudy,99999914819
"Chicago,United States",1971-01-30,-8.8,-18.3,-14.8,-17.7,-29,-25.2,-24.3,44.3,,0,0,,,,,35.3,290,1008.8,42.1,21.6,,,,,1971-01-30T07:05:41,1971-01-30T17:02:30,0.13,Partially cloudy,Clearing in the afternoon.,partly-cloudy-day,99999914819
"Chicago,United States",1971-01-31,-17.8,-20,-18.6,-27.4,-31.7,-30,-27.2,47,,0,0,,,,,35.3,282.1,1015.7,27.9,23.8,,,,,1971-01-31T07:04:44,1971-01-31T17:03:47,0.17,Partially cloudy,Partly cloudy throughout the day.,partly-cloudy-day,99999914819
"Chicago,United States",1971-02-01,-16.1,-19.4,-17.9,-26.5,-31.4,-29,-26.8,46,,0,0,,,,,29.5,285.2,1026.4,30.8,20.5,,,,,1971-02-01T07:03:44,1971-02-01T17:05:05,0.2,Partially cloudy,Partly cloudy throughout the day.,partly-cloudy-day,99999914819
"Chicago,United States",1971-02-02,-8.3,-22.1,-15.4,-15.5,-30.9,-23.7,-24.7,45.4,,0,0,,,,,22.3,195.9,1034.9,63.3,13.9,,,,,1971-02-02T07:02:43,1971-02-02T17:06:22,0.25,Partially cloudy,Partly cloudy throughout the day.,partly-cloudy-day,99999914819
"Chicago,United States",1971-02-03,-1.6,-7.8,-5,-7.1,-15.8,-11.1,-10.6,66.9,,0,0,,,,,24.1,139.1,1025.8,100,8.5,,,,,1971-02-03T07:01:40,1971-02-03T17:07:39,0.27,Overcast,Cloudy skies throughout the day.,cloudy,99999914819
"Chicago,United States",1971-02-04,8.4,-1.6,1.8,4.5,-7.6,-2.3,-0.1,87.3,,0,0,,,,,29.5,125,1006.6,100,1.9,,,,,1971-02-04T07:00:36,1971-02-04T17:08:57,0.31,Overcast,Cloudy skies throughout the day.,cloudy,99999914819
"Chicago,United States",1971-02-05,7.2,-7.1,-3.2,1.7,-16,-11.7,-8.2,68.5,,0,0,,,,,50,235.6,998.6,72.1,14,,,,,1971-02-05T06:59:29,1971-02-05T17:10:14,0.34,Partially cloudy,Partly cloudy throughout the day.,wind,99999914819
"Chicago,United States",1971-02-06,-3.8,-9.9,-7,-8.7,-17.1,-13.3,-12.9,63.1,,0,0,,,,,20.5,260.5,1018.2,30,21.9,,,,,1971-02-06T06:58:21,1971-02-06T17:11:31,0.38,Partially cloudy,Clearing in the afternoon.,partly-cloudy-day,99999914819
"Chicago,United States",1971-02-07,-6.6,-13.3,-9.7,-13.5,-22.2,-16.6,-15.5,62.6,,0,0,,,,,24.1,343.4,1022.3,84.6,17,,,,,1971-02-07T06:57:12,1971-02-07T17:12:49,0.41,Partially cloudy,Partly cloudy throughout the day.,partly-cloudy-day,99999914819
"Chicago,United States",1971-02-08,-9.9,-16.6,-13.8,-18.2,-26.3,-22.9,-23.3,45.2,,0,0,,,,,25.9,323.8,1018.7,14.6,21.7,,,,,1971-02-08T06:56:01,1971-02-08T17:14:06,0.45,Clear,Clear conditions throughout the day.,clear-day,99999914819
"Chicago,United States",1971-02-09,-10.6,-19.4,-14.8,-19.4,-29.4,-24.4,-23.9,46.9,,0,0,,,,,29.5,262.7,1020.1,17.1,21.4,,,,,1971-02-09T06:54:49,1971-02-09T17:15:23,0.48,Clear,Clear conditions throughout the day.,clear-day,99999914819
"Chicago,United States",1971-02-10,0.1,-11.1,-5.4,-5,-20.9,-12.6,-12.3,58.5,,0,0,,,,,31.7,214.4,1016.4,97.9,14.7,,,,,1971-02-10T06:53:35,1971-02-10T17:16:40,0.5,Overcast,Cloudy skies throughout the day.,cloudy,99999914819
"Chicago,United States",1971-02-11,6.2,-1.1,1.8,2.7,-7.2,-3.1,-2.5,73.7,,0,0,,,,,29.5,209.1,1008.9,82.9,11.4,,,,,1971-02-11T06:52:19,1971-02-11T17:17:57,0.55,Partially cloudy,Partly cloudy throughout the day.,partly-cloudy-day,99999914819
"Chicago,United States",1971-02-12,0.1,-7.1,-2.8,-3.3,-16,-9.4,-5.7,80.5,,0,0,,,,,37.1,352.9,1016.6,92.1,5.3,,,,,1971-02-12T06:51:03,1971-02-12T17:19:13,0.58,Overcast,Cloudy skies throughout the day.,cloudy,99999914819
"Chicago,United States",1971-02-13,-5.6,-12.1,-8.4,-12.7,-20.7,-16.7,-12.6,71.9,,0,0,,,,,42.5,352.3,1019.5,92.9,7.7,,,,,1971-02-13T06:49:45,1971-02-13T17:20:30,0.61,Overcast,Cloudy skies throughout the day.,cloudy,99999914819
"Chicago,United States",1971-02-14,-2.8,-14.3,-7.9,-8.6,-21.3,-13.3,-12,72.9,,0,0,,,,,24.1,241.7,1015.6,79.2,13,,,,,1971-02-14T06:48:25,1971-02-14T17:21:46,0.65,Partially cloudy,Partly cloudy throughout the day.,partly-cloudy-day,99999914819
"Chicago,United States",1971-02-15,0.7,-4.9,-2.3,-3.6,-9.5,-6.7,-7,70.8,,0,0,,,,,22.3,296.6,1017.2,65,12.3,,,,,1971-02-15T06:47:05,1971-02-15T17:23:02,0.68,Partially cloudy,Partly cloudy throughout the day.,partly-cloudy-day,99999914819
"Chicago,United States",1971-02-16,5.1,-5.6,0.8,0,-10.4,-3.8,-4.3,69,,0,0,,,,,31.7,160.2,1018.3,78.3,9.2,,,,,1971-02-16T06:45:43,1971-02-16T17:24:18,0.71,Partially cloudy,Partly cloudy throughout the day.,partly-cloudy-day,99999914819
"Chicago,United States",1971-02-17,8.4,1.7,4,5.3,-3.9,0.1,1.7,85.6,,0,0,,,,,29.5,240.8,1019.3,49.2,7.1,,,,,1971-02-17T06:44:20,1971-02-17T17:25:33,0.75,Partially cloudy,Clearing in the afternoon.,partly-cloudy-day,99999914819
"Chicago,United States",1971-02-18,6.7,1.7,4.3,4,-1.3,1.3,2.5,88.1,,0,0,,,,,24.1,110.9,1020.8,91.3,5.3,,,,,1971-02-18T06:42:55,1971-02-18T17:26:48,0.75,Overcast,Cloudy skies throughout the day.,cloudy,99999914819
"Chicago,United States",1971-02-19,12.9,3.4,9,12.9,0.4,7.3,6.7,86.1,,0,0,,,,,35.3,165.6,1005.3,92.9,8.5,,,,,1971-02-19T06:41:30,1971-02-19T17:28:03,0.81,Overcast,Cloudy skies throughout the day.,cloudy,99999914819
"Chicago,United States",1971-02-20,5.7,0.1,1.8,1.5,-5.2,-3.2,-1.4,79.3,,0,0,,,,,29.5,277.6,1008.8,99.2,15.6,,,,,1971-02-20T06:40:03,1971-02-20T17:29:18,0.85,Overcast,Cloudy skies throughout the day.,cloudy,99999914819
"Chicago,United States",1971-02-21,1.7,-2.1,-0.4,-3.1,-8.3,-5.5,-4.3,75,,0,0,,,,,40.7,28.5,1019.2,95,14.6,,,,,1971-02-21T06:38:36,1971-02-21T17:30:32,0.88,Overcast,Cloudy skies throughout the day.,cloudy,99999914819
"Chicago,United States",1971-02-22,3.4,-0.6,0.9,0.4,-8,-4.3,-1.2,86.4,,0,0,,,,,37.1,85.7,1000.2,100,7.4,,,,,1971-02-22T06:37:07,1971-02-22T17:31:46,0.91,Overcast,Cloudy skies throughout the day.,cloudy,99999914819
"Chicago,United States",1971-02-23,1.2,-0.6,0.4,-3.2,-6.1,-4.6,-2.7,80.3,,0,0,,,,,27.7,264.6,1002.8,99.2,9.4,,,,,1971-02-23T06:35:38,1971-02-23T17:33:00,0.95,Overcast,Cloudy skies throughout the day.,cloudy,99999914819
"Chicago,United States",1971-02-24,6.2,0.7,2,2.1,-4.5,-2.1,-2.8,70.8,,0,0,,,,,25.9,231.6,1012.4,80.8,12.3,,,,,1971-02-24T06:34:08,1971-02-24T17:34:13,0.98,Partially cloudy,Partly cloudy throughout the day.,partly-cloudy-day,99999914819
"Chicago,United States",1971-02-25,14.4,-1.1,6.6,14.4,-5.2,4.7,0.6,66.9,,0,0,,,,,24.1,191.7,1009,13.8,15.3,,,,,1971-02-25T06:32:36,1971-02-25T17:35:26,0,Clear,Clear conditions throughout the day.,clear-day,99999914819
"Chicago,United States",1971-02-26,15.1,5.7,9.9,15.1,0,8,6.2,78,,0,0,,,,,42.5,189.6,998.1,81.7,10.9,,,,,1971-02-26T06:31:04,1971-02-26T17:36:39,0.05,Partially cloudy,Partly cloudy throughout the day.,partly-cloudy-day,99999914819
"Chicago,United States",1971-02-27,5.1,1.2,2.4,-0.7,-7.1,-4.7,-4.8,59.2,,0,0,,,,,64.8,240.4,1002.6,94.2,24,,,,,1971-02-27T06:29:31,1971-02-27T17:37:52,0.08,Overcast,Cloudy skies throughout the day.,wind,99999914819
"Chicago,United States",1971-02-28,6.2,-1.1,1.8,1.4,-9.3,-4.2,-7.9,49.9,,0,0,,,,,55.8,255.2,1015.1,38.6,24,,,,,1971-02-28T06:27:57,1971-02-28T17:39:04,0.11,Partially cloudy,Partly cloudy throughout the day.,wind,99999914819
"Chicago,United States",1971-03-01,3.4,-2.8,0.2,-0.2,-8.2,-4.5,-8,54.7,,0,0,,,,,24.1,31.3,1021.8,75,14.7,,,,,1971-03-01T06:26:22,1971-03-01T17:40:16,0.15,Partially cloudy,Partly cloudy throughout the day.,partly-cloudy-day,99999914819
"Chicago,United States",1971-03-02,1.2,-5.6,-2.1,-3.6,-13,-8.1,-9.6,56.5,,0,0,,,,,24.1,359.3,1024.2,71.7,14.3,,,,,1971-03-02T06:24:47,1971-03-02T17:41:27,0.18,Partially cloudy,Partly cloudy throughout the day.,partly-cloudy-day,99999914819
"Chicago,United States",1971-03-03,-2.1,-6.6,-4.8,-9.4,-14,-12,-9.4,71.1,,0,0,,,,,35.3,347.3,1019.8,88.8,6.4,,,,,1971-03-03T06:23:11,1971-03-03T17:42:39,0.25,Partially cloudy,Partly cloudy throughout the day.,partly-cloudy-day,99999914819
"Chicago,United States",1971-03-04,3.9,-7.8,-1.8,-0.8,-13.4,-7.2,-9.6,55.6,,0,0,,,,,31.7,242.2,1018,23.3,20.3,,,,,1971-03-04T06:21:34,1971-03-04T17:43:50,0.25,Partially cloudy,Partly cloudy throughout the day.,partly-cloudy-day,99999914819
"Chicago,United States",1971-03-05,7.9,0.1,3.6,6.2,-5.5,-0.4,-3.5,60.1,,0,0,,,,,25.9,191,1011.6,85,19.3,,,,,1971-03-05T06:19:57,1971-03-05T17:45:01,0.28,Partially cloudy,Partly cloudy throughout the day.,partly-cloudy-day,99999914819
"Chicago,United States",1971-03-06,5.1,0.1,1.9,5.1,-7.1,-3.4,-0.8,82.9,,0,0,,,,,37.1,336.5,1005.1,99.2,4,,,,,1971-03-06T06:18:19,1971-03-06T17:46:11,0.32,Overcast,Cloudy skies throughout the day.,cloudy,99999914819
"Chicago,United States",1971-03-07,-0.6,-4.3,-2.4,-7.6,-11.8,-9.6,-6.4,74.4,,0,0,,,,,40.7,287.8,1008.2,98.8,12.7,,,,,1971-03-07T06:16:41,1971-03-07T17:47:21,0.35,Overcast,Cloudy skies throughout the day.,cloudy,99999914819
"Chicago,United States",1971-03-08,0.7,-7.1,-4,-5.2,-15.5,-10.6,-13.3,49.4,,0,0,,,,,37.1,304.6,1016.3,19.6,23.8,,,,,1971-03-08T06:15:02,1971-03-08T17:48:31,0.39,Clear,Clear conditions throughout the day.,clear-day,99999914819
"Chicago,United States",1971-03-09,2.2,-8.3,-2.3,-1.7,-11.5,-6.1,-9.5,59.1,,0,0,,,,,18.7,176.6,1020.7,74.6,15.1,,,,,1971-03-09T06:13:22,1971-03-09T17:49:41,0.42,Partially cloudy,Partly cloudy throughout the day.,partly-cloudy-day,99999914819
"Chicago,United States",1971-03-10,1.7,-1.1,0.7,-3,-5.5,-4.1,-2.9,77.1,,0,0,,,,,25.9,11.6,1011.7,96.3,5.5,,,,,1971-03-10T06:11:42,1971-03-10T17:50:50,0.45,Overcast,Cloudy skies throughout the day.,cloudy,99999914819
"Chicago,United States",1971-03-11,2.2,-2.1,0.7,-0.6,-5.1,-2.9,-3.3,75,,0,0,,,,,20.5,149.4,1015.9,96.7,6.3,,,,,1971-03-11T06:10:02,1971-03-11T17:51:59,0.5,Overcast,Cloudy skies throughout the day.,cloudy,99999914819
"Chicago,United States",1971-03-12,8.4,1.2,3.2,5.4,-3.2,0,0.3,81.3,,0,0,,,,,18.7,69,1011.7,79.2,3.9,,,,,1971-03-12T06:08:21,1971-03-12T17:53:08,0.52,Partially cloudy,Partly cloudy throughout the day.,partly-cloudy-day,99999914819
"Chicago,United States",1971-03-13,12.9,0.1,5.9,12.9,-2.5,4.4,3.6,86.5,,0,0,,,,,25.9,140.9,1010.4,79.6,2.7,,,,,1971-03-13T06:06:40,1971-03-13T17:54:17,0.56,Partially cloudy,Partly cloudy throughout the day.,partly-cloudy-day,99999914819
"Chicago,United States",1971-03-14,18.9,8.9,14.4,18.9,4.8,14,11.8,84.6,,0,0,,,,,42.5,179.9,999.4,84.6,7.8,,,,,1971-03-14T06:04:59,1971-03-14T17:55:25,0.59,Partially cloudy,Partly cloudy throughout the day.,partly-cloudy-day,99999914819
"Chicago,United States",1971-03-15,15.7,-1.1,4.6,15.7,-7.9,-1,1.1,78.3,,0,0,,,,,51.8,241.3,996.4,100,12.5,,,,,1971-03-15T06:03:17,1971-03-15T17:56:34,0.62,Overcast,Cloudy skies throughout the day.,wind,99999914819
"Chicago,United States",1971-03-16,-0.6,-3.8,-2.2,-4.2,-11.2,-8,-7.6,66.8,,0,0,,,,,31.7,309.3,1016.8,73.8,20.4,,,,,1971-03-16T06:01:35,1971-03-16T17:57:42,0.66,Partially cloudy,Partly cloudy throughout the day.,partly-cloudy-day,99999914819
"Chicago,United States",1971-03-17,5.1,-6.1,-0.3,2,-9.8,-3.3,-7.3,60.6,,0,0,,,,,18.7,231.9,1025.2,12.9,21.1,,,,,1971-03-17T05:59:53,1971-03-17T17:58:50,0.69,Clear,Clear conditions throughout the day.,clear-day,99999914819
"Chicago,United States",1971-03-18,3.9,-0.6,1.8,0.7,-4.4,-2.5,-1,81.9,,0,0,,,,,31.7,123.7,1017.3,99.2,6.4,,,,,1971-03-18T05:58:10,1971-03-18T17:59:57,0.73,Overcast,Cloudy skies throughout the day.,cloudy,99999914819
"Chicago,United States",1971-03-19,6.7,0.1,2.2,3.2,-6.6,-3,-0.3,83.4,,0,0,,,,,37.1,300.4,997.8,97.9,6.3,,,,,1971-03-19T05:56:28,1971-03-19T18:01:05,0.75,Overcast,Cloudy skies throughout the day.,cloudy,99999914819
"Chicago,United States",1971-03-20,3.4,-3.3,0.2,-1.5,-10.6,-5.6,-7.5,57.1,,0,0,,,,,37.1,306.2,1013.1,15.8,22.7,,,,,1971-03-20T05:54:45,1971-03-20T18:02:12,0.79,Clear,Clear conditions throughout the day.,clear-day,99999914819
"Chicago,United States",1971-03-21,11.2,-0.6,4.3,11.2,-4.6,0.4,-2.6,61.7,,0,0,,,,,33.5,265.3,1011.6,81.3,16.8,,,,,1971-03-21T05:53:02,1971-03-21T18:03:20,0.83,Partially cloudy,Partly cloudy throughout the day.,partly-cloudy-day,99999914819
"Chicago,United States",1971-03-22,3.9,-3.3,0.6,-0.2,-11,-4.4,-6.6,59.3,,0,0,,,,,37.1,304.7,1018.2,79.6,16,,,,,1971-03-22T05:51:19,1971-03-22T18:04:27,0.86,Partially cloudy,Partly cloudy throughout the day.,partly-cloudy-day,99999914819
"Chicago,United States",1971-03-23,-1.1,-6.6,-3.8,-7.4,-14.6,-10.7,-11.5,55.4,,0,0,,,,,29.5,301.6,1022.4,29.6,23.4,,,,,1971-03-23T05:49:36,1971-03-23T18:05:34,0.9,Partially cloudy,Becoming cloudy in the afternoon.,partly-cloudy-day,99999914819
"Chicago,United States",1971-03-24,2.2,-6.6,-2.4,-2.3,-11.6,-7.4,-9.6,58.6,,0,0,,,,,22.3,324.5,1025.9,27.5,23.5,,,,,1971-03-24T05:47:53,1971-03-24T18:06:40,0.93,Partially cloudy,Partly cloudy throughout the day.,partly-cloudy-day,99999914819
"Chicago,United States",1971-03-25,2.2,-4.9,-0.8,-1.7,-10.4,-5.4,-8.6,56.6,,0,0,,,,,22.3,79.7,1026.2,68.3,16.3,,,,,1971-03-25T05:46:10,1971-03-25T18:07:47,0.96,Partially cloudy,Partly cloudy throughout the day.,partly-cloudy-day,99999914819
"Chicago,United States",1971-03-26,7.2,-2.1,2.1,4.6,-6.6,-1.1,-7.4,52.2,,0,0,,,,,22.3,92.6,1023.7,41.3,10.4,,,,,1971-03-26T05:44:27,1971-03-26T18:08:54,0,Partially cloudy,Partly cloudy throughout the day.,partly-cloudy-day,99999914819
"Chicago,United States",1971-03-27,9.4,1.7,6,6.7,-1.1,2.6,-1.9,57.2,,0,0,,,,,29.5,165,1016,99.6,10.8,,,,,1971-03-27T05:42:44,1971-03-27T18:10:00,0.03,Overcast,Cloudy skies throughout the day.,cloudy,99999914819
"Chicago,United States",1971-03-28,11.7,5.7,8.8,11.7,1.8,6.5,1.6,61.2,,0,0,,,,,31.7,279.6,1010,82.1,16,,,,,1971-03-28T05:41:02,1971-03-28T18:11:07,0.06,Partially cloudy,Partly cloudy throughout the day.,partly-cloudy-day,99999914819
"Chicago,United States",1971-03-29,8.4,1.2,3.5,4.3,-5.1,-1.5,-5.7,52.4,,0,0,,,,,31.7,315.2,1015.4,62.5,20,,,,,1971-03-29T05:39:19,1971-03-29T18:12:13,0.1,Partially cloudy,Partly cloudy throughout the day.,partly-cloudy-day,99999914819
"Chicago,United States",1971-03-30,11.7,-1.1,5,11.7,-5,2.7,-4.4,51.7,,0,0,,,,,24.1,163.1,1017.8,35.8,14.1,,,,,1971-03-30T05:37:36,1971-03-30T18:13:19,0.13,Partially cloudy,Partly cloudy throughout the day.,partly-cloudy-day,99999914819
"Chicago,United States",1971-03-31,22.9,6.7,14.3,22.9,2.4,13.1,1.7,44.1,,0,0,,,,,48.2,178.9,1008,67.5,15.5,,,,,1971-03-31T05:35:54,1971-03-31T18:14:26,0.16,Partially cloudy,Partly cloudy throughout the day.,partly-cloudy-day,99999914819
"Chicago,United States",1971-04-01,16.2,1.7,9.5,16.2,-4.8,6.9,1.8,61,,0,0,,,,,44.6,217.9,1005.3,99.6,13.6,,,,,1971-04-01T05:34:12,1971-04-01T18:15:32,0.2,Overcast,Cloudy skies throughout the day.,cloudy,99999914819
"Chicago,United States",1971-04-02,3.9,0.1,1.8,-1.9,-6.3,-4.3,-5.4,60.3,,0,0,,,,,48.2,253.5,1012.6,80,14,,,,,1971-04-02T05:32:30,1971-04-02T18:16:38,0.25,Partially cloudy,Partly cloudy throughout the day.,partly-cloudy-day,99999914819
"Chicago,United States",1971-04-03,5.1,-4.3,0.3,0.9,-11.8,-5.1,-7.3,58.2,,0,0,,,,,33.5,276.9,1020.4,50,21.3,,,,,1971-04-03T05:30:49,1971-04-03T18:17:44,0.26,Partially cloudy,Partly cloudy throughout the day.,partly-cloudy-day,99999914819
"Chicago,United States",1971-04-04,6.2,-2.8,1.5,3.2,-6.5,-2.3,-6.3,57.2,,0,0,,,,,24.1,43.3,1030.7,55,18.1,,,,,1971-04-04T05:29:07,1971-04-04T18:18:50,0.3,Partially cloudy,Partly cloudy throughout the day.,partly-cloudy-day,99999914819
"Chicago,United States",1971-04-05,6.2,-0.6,2.4,2.1,-5.8,-2.6,-6.4,53.3,,0,0,,,,,31.7,41.6,1033.6,74.2,22.1,,,,,1971-04-05T05:27:27,1971-04-05T18:19:56,0.33,Partially cloudy,Partly cloudy throughout the day.,partly-cloudy-day,99999914819
"Chicago,United States",1971-04-06,10.7,0.7,5,10.7,-5.2,1.2,-9.5,37.4,,0,0,,,,,35.3,30,1027,13.8,20,,,,,1971-04-06T05:25:46,1971-04-06T18:21:03,0.36,Clear,Clear conditions throughout the day.,clear-day,99999914819
"Chicago,United States",1971-04-07,20.1,0.7,10.6,20.1,-2.8,9.8,-3.8,37.8,,0,0,,,,,24.1,302.7,1019,10.8,12.3,,,,,1971-04-07T05:24:06,1971-04-07T18:22:09,0.4,Clear,Clear conditions throughout the day.,clear-day,99999914819
"Chicago,United States",1971-04-08,24.4,4.4,15.8,24.4,1,14.8,-3.4,30.7,,0,0,,,,,44.6,187.5,1013.1,16.7,16.3,,,,,1971-04-08T05:22:26,1971-04-08T18:23:15,0.43,Clear,Clear conditions throughout the day.,clear-day,99999914819
"Chicago,United States",1971-04-09,17.2,6.7,13.2,17.2,4.4,12.7,-0.5,39.7,,0,0,,,,,38.9,314.2,1017,32.1,16.6,,,,,1971-04-09T05:20:47,1971-04-09T18:24:21,0.46,Partially cloudy,Partly cloudy throughout the day.,partly-cloudy-day,99999914819
"Chicago,United States",1971-04-10,20.7,0.1,11.6,20.7,0.1,11.5,-2.7,44.5,,0,0,,,,,27.7,179.4,1030.9,0,16.8,,,,,1971-04-10T05:19:08,1971-04-10T18:25:27,0.5,Clear,Clear conditions throughout the day.,clear-day,99999914819
"Chicago,United States",1971-04-11,27.9,10.1,19.4,26.8,10.1,19.3,1,29.9,,0,0,,,,,37.1,186.3,1023.1,55.8,17.1,,,,,1971-04-11T05:17:30,1971-04-11T18:26:33,0.53,Partially cloudy,Partly cloudy throughout the day.,partly-cloudy-day,99999914819
"Chicago,United States",1971-04-12,29.4,7.9,18.4,28,4.3,17.8,8,55.5,,0,0,,,,,42.5,194.3,1013.6,70.8,12.3,,,,,1971-04-12T05:15:53,1971-04-12T18:27:39,0.57,Partially cloudy,Partly cloudy throughout the day.,partly-cloudy-day,99999914819
"Chicago,United States",1971-04-13,7.9,2.2,5.5,5.3,-1.4,1.8,-0.3,67.6,,0,0,,,,,31.7,18.1,1019,71.3,14.2,,,,,1971-04-13T05:14:16,1971-04-13T18:28:45,0.6,Partially cloudy,Partly cloudy throughout the day.,partly-cloudy-day,99999914819
"Chicago,United States",1971-04-14,10.1,-1.1,5,10.1,-3.9,2.9,-2.7,59.4,,0,0,,,,,20.5,64.9,1024.5,22.9,13,,,,,1971-04-14T05:12:39,1971-04-14T18:29:51,0.64,Partially cloudy,Partly cloudy throughout the day.,partly-cloudy-day,99999914819
"Chicago,United States",1971-04-15,20.7,0.1,12.2,20.7,-2.2,11.5,-2.3,39.6,,0,0,,,,,18.7,179.1,1018.3,9.2,13.3,,,,,1971-04-15T05:11:03,1971-04-15T18:30:57,0.67,Clear,Clear conditions throughout the day.,clear-day,99999914819
"Chicago,United States",1971-04-16,19.4,9.4,14.9,19.4,7.7,14.8,5.3,53.6,,0,0,,,,,27.7,173.1,1012.4,70.4,12.8,,,,,1971-04-16T05:09:28,1971-04-16T18:32:03,0.71,Partially cloudy,Partly cloudy throughout the day.,partly-cloudy-day,99999914819
"Chicago,United States",1971-04-17,19.4,10.1,15.8,19.4,10.1,15.8,9.1,65.4,,0,0,,,,,27.7,22.2,1013.5,44.2,12.8,,,,,1971-04-17T05:07:54,1971-04-17T18:33:09,0.74,Partially cloudy,Clearing in the afternoon.,partly-cloudy-day,99999914819
"Chicago,United States",1971-04-18,15.7,7.2,10.9,15.7,4.4,9.8,5.6,70.2,,0,0,,,,,29.5,54,1020.2,47.1,10.5,,,,,1971-04-18T05:06:20,1971-04-18T18:34:16,0.75,Partially cloudy,Becoming cloudy in the afternoon.,partly-cloudy-day,99999914819
"Chicago,United States",1971-04-19,21.2,8.9,14.7,21.2,7.4,14.5,2.7,45.7,,0,0,,,,,24.1,90.1,1020.7,62.9,10.8,,,,,1971-04-19T05:04:47,1971-04-19T18:35:22,0.81,Partially cloudy,Partly cloudy throughout the day.,partly-cloudy-day,99999914819
"Chicago,United States",1971-04-20,23.9,10.1,16.3,23.9,10.1,16.3,1.9,39.9,,0,0,,,,,18.7,66.5,1013,67.9,8.9,,,,,1971-04-20T05:03:15,1971-04-20T18:36:28,0.85,Partially cloudy,Partly cloudy throughout the day.,partly-cloudy-day,99999914819
"Chicago,United States",1971-04-21,12.9,4.4,6.6,12.9,-1.2,2.2,0.9,67.9,,0,0,,,,,42.5,15.4,1009.2,86.7,13.8,,,,,1971-04-21T05:01:44,1971-04-21T18:37:34,0.88,Partially cloudy,Partly cloudy throughout the day.,partly-cloudy-day,99999914819
"Chicago,United States",1971-04-22,12.2,4.4,7.8,12.2,-1.1,5.6,-2.5,49.5,,0,0,,,,,35.3,13.6,1014.8,0,22.5,,,,,1971-04-22T05:00:14,1971-04-22T18:38:40,0.92,Clear,Clear conditions throughout the day.,clear-day,99999914819
"Chicago,United States",1971-04-23,20.7,2.2,10.9,20.7,-2.9,9.9,-3,43.8,,0,0,,,,,35.3,284.9,1006.1,39.2,16,,,,,1971-04-23T04:58:44,1971-04-23T18:39:46,0.95,Partially cloudy,Clearing in the afternoon.,partly-cloudy-day,99999914819
"Chicago,United States",1971-04-24,12.2,-1.1,6.5,12.2,-7.3,3.6,-5.6,44.8,,0,0,,,,,33.5,315.9,1006.3,22.5,21.5,,,,,1971-04-24T04:57:16,1971-04-24T18:40:52,0,Partially cloudy,Partly cloudy throughout the day.,partly-cloudy-day,99999914819
"Chicago,United States",1971-04-25,18.9,2.9,10,18.9,0.1,8.6,1.9,59.4,,0,0,,,,,27.7,331.7,1010.4,18.3,21.8,,,,,1971-04-25T05:55:48,1971-04-25T19:41:58,0.02,Clear,Clear conditions throughout the day.,clear-day,99999914819
"Chicago,United States",1971-04-26,10.1,3.4,6.8,10.1,-0.8,4.1,1.3,68.9,,0,0,,,,,29.5,28.7,1016.4,19.2,20.2,,,,,1971-04-26T05:54:22,1971-04-26T19:43:04,0.05,Clear,Clear conditions throughout the day.,clear-day,99999914819
"Chicago,United States",1971-04-27,8.9,2.9,7,8.3,-1.1,3.6,2.7,75.3,,0,0,,,,,35.3,93.7,1009.6,89.2,11.5,,,,,1971-04-27T05:52:57,1971-04-27T19:44:10,0.08,Partially cloudy,Partly cloudy throughout the day.,partly-cloudy-day,99999914819
"Chicago,United States",1971-04-28,8.9,6.2,7.6,6.6,2.5,4,4.9,83.5,,0,0,,,,,37.1,259.5,1004,92.1,9.4,,,,,1971-04-28T05:51:32,1971-04-28T19:45:15,0.12,Overcast,Cloudy skies throughout the day.,cloudy,99999914819
"Chicago,United States",1971-04-29,10.1,5.1,7.4,10.1,1.3,4.5,0.8,64.1,,0,0,,,,,27.7,348.9,1016.2,68.8,13.5,,,,,1971-04-29T05:50:09,1971-04-29T19:46:21,0.15,Partially cloudy,Partly cloudy throughout the day.,partly-cloudy-day,99999914819
"Chicago,United States",1971-04-30,16.7,2.9,10.5,16.7,0.9,10.1,0.9,53.4,,0,0,,,,,20.5,236.8,1018.9,60,13.8,,,,,1971-04-30T05:48:47,1971-04-30T19:47:26,0.18,Partially cloudy,Partly cloudy throughout the day.,partly-cloudy-day,99999914819
"Chicago,United States",1971-05-01,17.9,10.1,13.6,17.9,10.1,13.6,2.2,49.9,,0,0,,,,,27.7,285.2,1013.6,62.9,21,,,,,1971-05-01T05:47:26,1971-05-01T19:48:32,0.21,Partially cloudy,Partly cloudy throughout the day.,partly-cloudy-day,99999914819
"Chicago,United States",1971-05-02,10.7,1.7,6.4,10.7,-3.7,3.1,2,74.5,,0,0,,,,,33.5,345.1,1015.2,80.4,15.5,,,,,1971-05-02T05:46:06,1971-05-02T19:49:37,0.25,Partially cloudy,Partly cloudy throughout the day.,partly-cloudy-day,99999914819
"Chicago,United States",1971-05-03,14.4,0.1,7.6,14.4,-3.1,5.8,-3.1,51.2,,0,0,,,,,27.7,3.8,1020.3,0,22.8,,,,,1971-05-03T05:44:47,1971-05-03T19:50:42,0.28,Clear,Clear conditions throughout the day.,clear-day,99999914819
"Chicago,United States",1971-05-04,13.4,5.1,8.8,13.4,2.2,7.3,0.8,58.4,,0,0,,,,,27.7,208.6,1014,62.9,15.8,,,,,1971-05-04T05:43:30,1971-05-04T19:51:47,0.31,Partially cloudy,Partly cloudy throughout the day.,partly-cloudy-day,99999914819
"Chicago,United States",1971-05-05,16.7,7.9,12.1,16.7,6.5,11.8,7.9,76.3,,0,0,,,,,18.7,127.8,1005.8,87.1,11.4,,,,,1971-05-05T05:42:14,1971-05-05T19:52:52,0.34,Partially cloudy,Partly cloudy throughout the day.,partly-cloudy-day,99999914819
"Chicago,United States",1971-05-06,14.4,7.2,10.4,14.4,3.9,9.2,5.6,74,,0,0,,,,,27.7,21.5,1012.1,87.5,8.9,,,,,1971-05-06T05:40:59,1971-05-06T19:53:56,0.38,Partially cloudy,Partly cloudy throughout the day.,partly-cloudy-day,99999914819
"Chicago,United States",1971-05-07,15.1,7.9,11.6,15.1,5.3,11.1,1.6,51.8,,0,0,,,,,27.7,50,1014.8,88.3,11.3,,,,,1971-05-07T05:39:46,1971-05-07T19:55:00,0.41,Partially cloudy,Partly cloudy throughout the day.,partly-cloudy-day,99999914819
"Chicago,United States",1971-05-08,22.9,5.1,14.7,22.9,2.5,13.7,1.2,44.9,,0,0,,,,,22.3,295.8,1013.7,58.8,16.9,,,,,1971-05-08T05:38:34,1971-05-08T19:56:04,0.44,Partially cloudy,Partly cloudy throughout the day.,partly-cloudy-day,99999914819
"Chicago,United States",1971-05-09,17.9,5.7,11.9,17.9,2.9,11.3,3.9,60.6,,0,0,,,,,24.1,37.9,1016,28.8,19.8,,,,,1971-05-09T05:37:24,1971-05-09T19:57:08,0.47,Partially cloudy,Partly cloudy throughout the day.,partly-cloudy-day,99999914819
"Chicago,United States",1971-05-10,21.7,6.7,13.8,21.7,4.1,13.2,6,60.8,,0,0,,,,,24.1,79.6,1019.2,45,10.2,,,,,1971-05-10T05:36:14,1971-05-10T19:58:11,0.5,Partially cloudy,Becoming cloudy in the afternoon.,partly-cloudy-day,99999914819
"Chicago,United States",1971-05-11,20.7,6.7,15.7,20.7,2.4,15.3,11,74.5,,0,0,,,,,40.7,46.1,1014.8,94.6,6.2,,,,,1971-05-11T05:35:07,1971-05-11T19:59:14,0.54,Overcast,Cloudy skies throughout the day.,cloudy,99999914819
"Chicago,United States",1971-05-12,11.7,0.7,7.3,11.7,-4.7,4.6,-0.4,61,,0,0,,,,,31.7,351.1,1016.1,47.9,21.8,,,,,1971-05-12T05:34:01,1971-05-12T20:00:16,0.58,Partially cloudy,Partly cloudy throughout the day.,partly-cloudy-day,99999914819
"Chicago,United States",1971-05-13,21.2,3.4,13.2,21.2,0.7,12.4,0.7,46,,0,0,,,,,24.1,237.3,1010.4,8.3,20.9,,,,,1971-05-13T05:32:56,1971-05-13T20:01:18,0.62,Clear,Clear conditions throughout the day.,clear-day,99999914819
"Chicago,United States",1971-05-14,18.9,8.9,14.9,18.9,7.1,14.7,3.8,48.1,,0,0,,,,,20.5,54.5,1014.5,1.3,15.4,,,,,1971-05-14T05:31:54,1971-05-14T20:02:20,0.65,Clear,Clear conditions throughout the day.,clear-day,99999914819
"Chicago,United States",1971-05-15,26.7,11.7,20.3,26.7,11.7,20.3,9,50.4,,0,0,,,,,29.5,187.7,1013.9,26.7,20,,,,,1971-05-15T05:30:52,1971-05-15T20:03:21,0.69,Partially cloudy,Partly cloudy throughout the day.,partly-cloudy-day,99999914819
"Chicago,United States",1971-05-16,23.4,14.4,19.1,23.4,14.4,19.1,6.4,46.3,,0,0,,,,,27.7,51.5,1011,0.4,23.5,,,,,1971-05-16T05:29:53,1971-05-16T20:04:21,0.72,Clear,Clear conditions throughout the day.,clear-day,99999914819
"Chicago,United States",1971-05-17,31.2,11.2,22.2,29.7,11.2,21.8,6.7,38,,0,0,,,,,40.7,175.3,1009.8,36.7,20.8,,,,,1971-05-17T05:28:55,1971-05-17T20:05:21,0.75,Partially cloudy,Partly cloudy throughout the day.,partly-cloudy-day,99999914819
"Chicago,United States",1971-05-18,29.4,19.4,24.1,29.2,19.4,24,13.7,53.4,,0,0,,,,,33.5,189.4,1006.7,58.3,17.3,,,,,1971-05-18T05:27:58,1971-05-18T20:06:21,0.79,Partially cloudy,Partly cloudy throughout the day.,partly-cloudy-day,99999914819
"Chicago,United States",1971-05-19,22.9,12.2,19.2,22.9,12.2,19.2,9.5,54.3,,0,0,,,,,38.9,226,1008.1,57.5,20.5,,,,,1971-05-19T05:27:04,1971-05-19T20:07:19,0.83,Partially cloudy,Partly cloudy throughout the day.,partly-cloudy-day,99999914819
"Chicago,United States",1971-05-20,21.2,10.7,15.8,21.2,10.7,15.8,2.5,45.2,,0,0,,,,,35.3,250.9,1016.7,47.1,24,,,,,1971-05-20T05:26:11,1971-05-20T20:08:18,0.86,Partially cloudy,Partly cloudy throughout the day.,partly-cloudy-day,99999914819
"Chicago,United States",1971-05-21,16.7,7.2,12.2,16.7,3.9,11.6,2.6,52.3,,0,0,,,,,27.7,46.6,1022.7,19.6,20.2,,,,,1971-05-21T05:25:20,1971-05-21T20:09:15,0.9,Clear,Clear conditions throughout the day.,clear-day,99999914819
"Chicago,United States",1971-05-22,20.1,6.2,12.7,20.1,2.7,11.7,3.5,54.9,,0,0,,,,,24.1,65.1,1021.3,52.1,18.2,,,,,1971-05-22T05:24:31,1971-05-22T20:10:11,0.94,Partially cloudy,Partly cloudy throughout the day.,partly-cloudy-day,99999914819
"Chicago,United States",1971-05-23,27.2,12.2,18.5,26.4,12.2,18.5,5.1,42.6,,0,0,,,,,37.1,154.7,1012.9,85,19.1,,,,,1971-05-23T05:23:44,1971-05-23T20:11:07,0.97,Partially cloudy,Partly cloudy throughout the day.,partly-cloudy-day,99999914819
"Chicago,United States",1971-05-24,25.7,16.7,19.9,25.7,16.7,19.9,14,69.7,,0,0,,,,,40.7,193.6,1000,83.8,17.5,,,,,1971-05-24T05:22:58,1971-05-24T20:12:02,0,Partially cloudy,Partly cloudy throughout the day.,partly-cloudy-day,99999914819
"Chicago,United States",1971-05-25,17.2,10.7,12.1,17.2,10.7,12.1,7.3,72.5,,0,0,,,,,37.1,245.4,1004.2,99.2,16.2,,,,,1971-05-25T05:22:14,1971-05-25T20:12:56,0.04,Overcast,Cloudy skies throughout the day.,cloudy,99999914819
"Chicago,United States",1971-05-26,13.4,8.9,10.9,13.4,6.2,10.5,4.2,63.8,,0,0,,,,,25.9,289.4,1018.2,97.1,16.3,,,,,1971-05-26T05:21:33,1971-05-26T20:13:49,0.07,Overcast,Cloudy skies throughout the day.,cloudy,99999914819
"Chicago,United States",1971-05-27,17.9,5.1,11.8,17.9,3.3,11.2,1,51.3,,0,0,,,,,25.9,20.7,1025,3.8,18.2,,,,,1971-05-27T05:20:53,1971-05-27T20:14:41,0.1,Clear,Clear conditions throughout the day.,clear-day,99999914819
"Chicago,United States",1971-05-28,20.7,5.7,14,20.7,3.6,13.5,1.2,44.1,,0,0,,,,,22.3,22.8,1023.7,5.8,20.5,,,,,1971-05-28T05:20:15,1971-05-28T20:15:32,0.14,Clear,Clear conditions throughout the day.,clear-day,99999914819
"Chicago,United States",1971-05-29,24.4,8.4,17,24.4,8.4,17,3.6,43.3,,0,0,,,,,24.1,71.6,1019.4,30,15.6,,,,,1971-05-29T05:19:39,1971-05-29T20:16:22,0.17,Partially cloudy,Partly cloudy throughout the day.,partly-cloudy-day,99999914819
"Chicago,United States",1971-05-30,28.4,10.7,19.8,27.2,10.7,19.8,5.4,40.8,,0,0,,,,,20.5,54.5,1015.3,43.3,15.3,,,,,1971-05-30T05:19:05,1971-05-30T20:17:11,0.2,Partially cloudy,Partly cloudy throughout the day.,partly-cloudy-day,99999914819
"Chicago,United States",1971-05-31,22.9,10.1,16.7,22.9,10.1,16.7,8.1,58,,0,0,,,,,16.6,50.3,1015,60.8,12.7,,,,,1971-05-31T05:18:33,1971-05-31T20:17:59,0.25,Partially cloudy,Partly cloudy throughout the day.,partly-cloudy-day,99999914819
"Chicago,United States",1971-06-01,21.7,16.2,18.5,21.7,16.2,18.5,14.2,76.4,,0,0,,,,,20.5,80.8,1013.4,91.7,5.4,,,,,1971-06-01T05:18:04,1971-06-01T20:18:45,0.26,Overcast,Cloudy skies throughout the day.,cloudy,99999914819
"Chicago,United States",1971-06-02,23.4,15.1,19.8,23.4,15.1,19.8,14.3,71.7,,0,0,,,,,27.7,264.4,1015.3,69.2,12.2,,,,,1971-06-02T05:17:36,1971-06-02T20:19:31,0.3,Partially cloudy,Partly cloudy throughout the day.,partly-cloudy-day,99999914819
"Chicago,United States",1971-06-03,29.4,15.7,22.2,29.7,15.7,22.3,14.8,64.1,,0,0,,,,,18.7,134.7,1020.1,30.8,8.4,,,,,1971-06-03T05:17:10,1971-06-03T20:20:15,0.33,Partially cloudy,Partly cloudy throughout the day.,partly-cloudy-day,99999914819
"Chicago,United States",1971-06-04,33.4,18.9,26,33.9,18.9,26.1,15.8,55.5,,0,0,,,,,18.7,107.2,1020.5,54.6,6.4,,,,,1971-06-04T05:16:46,1971-06-04T20:20:57,0.36,Partially cloudy,Partly cloudy throughout the day.,partly-cloudy-day,99999914819
"Chicago,United States",1971-06-05,35.7,22.2,29.3,36.5,22.2,30.4,18.7,55,,0,0,,,,,29.5,215.5,1016.2,48.3,7.7,,,,,1971-06-05T05:16:24,1971-06-05T20:21:39,0.39,Partially cloudy,Partly cloudy throughout the day.,partly-cloudy-day,99999914819
"Chicago,United States",1971-06-06,35.1,21.7,27.2,37.2,21.7,28,18.8,61.1,,0,0,,,,,24.1,198.9,1012.1,59.2,12.2,,,,,1971-06-06T05:16:05,1971-06-06T20:22:18,0.43,Partially cloudy,Partly cloudy throughout the day.,partly-cloudy-day,99999914819
"Chicago,United States",1971-06-07,31.2,20.7,25.4,31.4,20.7,25.5,16.9,61.5,,0,0,,,,,31.7,228.9,1008.6,32.5,18.3,,,,,1971-06-07T05:15:47,1971-06-07T20:22:57,0.46,Partially cloudy,Partly cloudy throughout the day.,partly-cloudy-day,99999914819
"Chicago,United States",1971-06-08,21.2,12.2,16.9,21.2,12.2,16.9,8.9,60,,0,0,,,,,31.7,2.4,1018.2,40.4,23.5,,,,,1971-06-08T05:15:31,1971-06-08T20:23:34,0.5,Partially cloudy,Partly cloudy throughout the day.,partly-cloudy-day,99999914819
"Chicago,United States",1971-06-09,21.2,9.4,15.9,21.2,7.7,15.8,8.4,62.1,,0,0,,,,,25.9,44.6,1020.8,49.6,16.6,,,,,1971-06-09T05:15:18,1971-06-09T20:24:09,0.53,Partially cloudy,Partly cloudy throughout the day.,partly-cloudy-day,99999914819
"Chicago,United States",1971-06-10,26.2,11.7,19.4,26.2,11.7,19.4,9.7,56,,0,0,,,,,25.9,106.7,1019,62.5,12.7,,,,,1971-06-10T05:15:06,1971-06-10T20:24:43,0.56,Partially cloudy,Partly cloudy throughout the day.,partly-cloudy-day,99999914819
"Chicago,United States",1971-06-11,30.1,20.7,23.2,34.1,20.7,23.7,17.5,71.2,,0,0,,,,,33.5,188.9,1016.2,86.7,8.5,,,,,1971-06-11T05:14:57,1971-06-11T20:25:15,0.6,Partially cloudy,Partly cloudy throughout the day.,partly-cloudy-day,99999914819
"Chicago,United States",1971-06-12,31.7,20.1,25.7,35,20.1,27.1,20.2,73.1,,0,0,,,,,27.7,223.6,1013.2,66.3,14.4,,,,,1971-06-12T05:14:50,1971-06-12T20:25:46,0.63,Partially cloudy,Partly cloudy throughout the day.,partly-cloudy-day,99999914819
"Chicago,United States",1971-06-13,31.7,19.4,25.5,32.5,19.4,25.7,17.4,62.1,,0,0,,,,,25.9,308.6,1007.3,71.3,19.6,,,,,1971-06-13T05:14:45,1971-06-13T20:26:14,0.67,Partially cloudy,Partly cloudy throughout the day.,partly-cloudy-day,99999914819
"Chicago,United States",1971-06-14,24.4,16.7,20.6,24.4,16.7,20.6,14.8,69.8,,0,0,,,,,24.1,29.7,1008.4,47.9,8.3,,,,,1971-06-14T05:14:41,1971-06-14T20:26:41,0.71,Partially cloudy,Becoming cloudy in the afternoon.,partly-cloudy-day,99999914819
"Chicago,United States",1971-06-15,28.4,16.7,21.9,28.9,16.7,22,14.3,62.8,,0,0,,,,,22.3,31.5,1011.4,42.5,6,,,,,1971-06-15T05:14:40,1971-06-15T20:27:07,0.75,Partially cloudy,Partly cloudy throughout the day.,partly-cloudy-day,99999914819
"Chicago,United States",1971-06-16,31.2,16.7,24,30,16.7,23.6,11.9,49.7,,0,0,,,,,20.5,92.1,1015.8,0.8,9.3,,,,,1971-06-16T05:14:41,1971-06-16T20:27:30,0.78,Clear,Clear conditions throughout the day.,clear-day,99999914819
"Chicago,United States",1971-06-17,33.4,20.1,26.6,32,20.1,26.1,12,41.7,,0,0,,,,,24.1,179.4,1016.3,29.2,12.8,,,,,1971-06-17T05:14:44,1971-06-17T20:27:52,0.81,Partially cloudy,Partly cloudy throughout the day.,partly-cloudy-day,99999914819
"Chicago,United States",1971-06-18,34.4,19.4,27.2,34.5,19.4,27.1,14.4,47.6,,0,0,,,,,38.9,188.3,1015.5,65,8.9,,,,,1971-06-18T05:14:49,1971-06-18T20:28:12,0.85,Partially cloudy,Partly cloudy throughout the day.,partly-cloudy-day,99999914819
"Chicago,United States",1971-06-19,32.9,21.7,26.3,35.6,21.7,27,18.6,63.5,,0,0,,,,,22.3,134.7,1014.6,50.4,6.9,,,,,1971-06-19T05:14:56,1971-06-19T20:28:29,0.88,Partially cloudy,Partly cloudy throughout the day.,partly-cloudy-day,99999914819
"Chicago,United States",1971-06-20,34.4,22.2,26.7,38.9,22.2,27.3,18.3,61.3,,0,0,,,,,27.7,233.2,1011.7,89.6,17.7,,,,,1971-06-20T05:15:05,1971-06-20T20:28:45,0.92,Partially cloudy,Partly cloudy throughout the day.,partly-cloudy-day,99999914819
"Chicago,United States",1971-06-21,23.4,17.9,20.4,23.4,17.9,20.4,10.6,55.6,,0,0,,,,,33.5,24.3,1016.6,35.4,20.4,,,,,1971-06-21T05:15:16,1971-06-21T20:28:59,0.96,Partially cloudy,Clearing in the afternoon.,partly-cloudy-day,99999914819
"Chicago,United States",1971-06-22,27.9,14.4,22,27.8,14.4,22,11.4,51.8,,0,0,,,,,18.7,220.9,1014.3,57.5,16.7,,,,,1971-06-22T05:15:29,1971-06-22T20:29:11,0,Partially cloudy,Partly cloudy throughout the day.,partly-cloudy-day,99999914819
"Chicago,United States",1971-06-23,28.4,20.1,23.3,28.9,20.1,23.4,16.9,68.1,,0,0,,,,,22.3,183.7,1011.1,76.7,10.6,,,,,1971-06-23T05:15:43,1971-06-23T20:29:21,0.03,Partially cloudy,Partly cloudy throughout the day.,partly-cloudy-day,99999914819
"Chicago,United States",1971-06-24,33.4,19.4,26.7,33.4,19.4,26.7,16.4,56.8,,0,0,,,,,25.9,185.6,1012.9,68.8,7.3,,,,,1971-06-24T05:16:00,1971-06-24T20:29:29,0.06,Partially cloudy,Partly cloudy throughout the day.,partly-cloudy-day,99999914819
"Chicago,United States",1971-06-25,28.4,15.7,22,29.2,15.7,22.1,15.8,68.5,,0,0,,,,,33.5,43.5,1011.3,85,13.9,,,,,1971-06-25T05:16:18,1971-06-25T20:29:35,0.09,Partially cloudy,Partly cloudy throughout the day.,partly-cloudy-day,99999914819
"Chicago,United States",1971-06-26,29.4,15.7,22.2,30.1,15.7,22.3,14.9,64.6,,0,0,,,,,25.9,45.1,1013.2,41.7,11,,,,,1971-06-26T05:16:38,1971-06-26T20:29:39,0.12,Partially cloudy,Clearing in the afternoon.,partly-cloudy-day,99999914819
"Chicago,United States",1971-06-27,37.9,22.9,30.3,39.1,22.9,31.8,19.4,55,,0,0,,,,,25.9,216.7,1011.6,19.2,17.8,,,,,1971-06-27T05:17:00,1971-06-27T20:29:41,0.15,Clear,Clear conditions throughout the day.,clear-day,99999914819
"Chicago,United States",1971-06-28,38.4,25.1,31.5,41.9,25.1,33.5,20.3,53.5,,0,0,,,,,20.5,215.2,1015,2.9,20.2,,,,,1971-06-28T05:17:24,1971-06-28T20:29:41,0.19,Clear,Clear conditions throughout the day.,clear-day,99999914819
"Chicago,United States",1971-06-29,35.1,23.9,29.7,36.9,23.9,30.7,18.5,52.2,,0,0,,,,,25.9,191.8,1016.6,3.3,15.3,,,,,1971-06-29T05:17:50,1971-06-29T20:29:39,0.22,Clear,Clear conditions throughout the day.,clear-day,99999914819
"Chicago,United States",1971-06-30,35.1,24.4,27.9,37.2,24.4,28.9,20,63.3,,0,0,,,,,29.5,222.6,1012.3,60,11.8,,,,,1971-06-30T05:18:17,1971-06-30T20:29:34,0.25,Partially cloudy,Partly cloudy throughout the day.,partly-cloudy-day,99999914819
"Chicago,United States",1971-07-01,28.4,20.7,24.8,27.6,20.7,24.6,13.3,51.4,,0,0,,,,,25.9,309.2,1016.6,45.8,22.8,,,,,1971-07-01T05:18:46,1971-07-01T20:29:28,0.28,Partially cloudy,Becoming cloudy in the afternoon.,partly-cloudy-day,99999914819
"Chicago,United States",1971-07-02,26.7,17.2,22.5,26.7,17.2,22.5,13.5,57.9,,0,0,,,,,18.7,29.8,1022.3,6.3,19.2,,,,,1971-07-02T05:19:16,1971-07-02T20:29:19,0.32,Clear,Clear conditions throughout the day.,clear-day,99999914819
"Chicago,United States",1971-07-03,30.7,15.7,24.3,30,15.7,24,13.5,54.6,,0,0,,,,,22.3,150.6,1021.5,34.6,17.9,,,,,1971-07-03T05:19:48,1971-07-03T20:29:09,0.35,Partially cloudy,Partly cloudy throughout the day.,partly-cloudy-day,99999914819
"Chicago,United States",1971-07-04,33.4,18.4,26.4,33,18.4,26.3,15,51.7,,0,0,,,,,25.9,194.8,1015.9,65.8,15,,,,,1971-07-04T05:20:22,1971-07-04T20:28:56,0.38,Partially cloudy,Partly cloudy throughout the day.,partly-cloudy-day,99999914819
"Chicago,United States",1971-07-05,29.4,20.1,24.2,30.3,20.1,24.4,18.5,72.7,,0,0,,,,,22.3,3.8,1011.7,92.9,8.4,,,,,1971-07-05T05:20:57,1971-07-05T20:28:41,0.41,Overcast,Cloudy skies throughout the day.,cloudy,99999914819
"Chicago,United States",1971-07-06,30.7,19.4,25.8,30.3,19.4,25.7,16.1,58.1,,0,0,,,,,16.6,208.1,1015.3,40.8,14.2,,,,,1971-07-06T05:21:33,1971-07-06T20:28:24,0.44,Partially cloudy,Partly cloudy throughout the day.,partly-cloudy-day,99999914819
"Chicago,United States",1971-07-07,31.2,19.4,26.3,32.8,19.4,26.8,16.9,57.4,,0,0,,,,,27.7,176.8,1018.4,66.3,14.3,,,,,1971-07-07T05:22:11,1971-07-07T20:28:05,0.48,Partially cloudy,Partly cloudy throughout the day.,partly-cloudy-day,99999914819
"Chicago,United States",1971-07-08,30.1,21.2,25.8,34.1,21.2,26.8,20.2,71.8,,0,0,,,,,33.5,151.5,1018.5,78.3,8.5,,,,,1971-07-08T05:22:50,1971-07-08T20:27:44,0.5,Partially cloudy,Partly cloudy throughout the day.,partly-cloudy-day,99999914819
"Chicago,United States",1971-07-09,25.7,21.7,23.8,25.7,21.7,23.8,16.6,64.4,,0,0,,,,,22.3,25.3,1021.5,92.9,13.1,,,,,1971-07-09T05:23:31,1971-07-09T20:27:20,0.55,Overcast,Cloudy skies throughout the day.,cloudy,99999914819
"Chicago,United States",1971-07-10,26.7,20.7,22.9,26.7,20.7,22.9,15.3,62.4,,0,0,,,,,22.3,58.5,1018.2,93.8,15.1,,,,,1971-07-10T05:24:13,1971-07-10T20:26:55,0.58,Overcast,Cloudy skies throughout the day.,cloudy,99999914819
"Chicago,United States",1971-07-11,25.7,20.7,22.7,25.7,20.7,22.7,14.6,61.6,,0,0,,,,,27.7,36.1,1016.9,52.1,18.2,,,,,1971-07-11T05:24:56,1971-07-11T20:26:27,0.62,Partially cloudy,Partly cloudy throughout the day.,partly-cloudy-day,99999914819
"Chicago,United States",1971-07-12,29.4,19.4,24.4,30.3,19.4,24.7,16.6,62.6,,0,0,,,,,33.5,168.4,1017.8,34.2,12.8,,,,,1971-07-12T05:25:41,1971-07-12T20:25:58,0.65,Partially cloudy,Becoming cloudy in the afternoon.,partly-cloudy-day,99999914819
"Chicago,United States",1971-07-13,31.7,22.9,27.2,30.5,22.9,26.7,15.2,51.5,,0,0,,,,,37.1,248,1011.9,39.6,19.3,,,,,1971-07-13T05:26:26,1971-07-13T20:25:26,0.69,Partially cloudy,Clearing in the afternoon.,partly-cloudy-day,99999914819
"Chicago,United States",1971-07-14,28.4,17.2,22.9,27.7,17.2,22.8,12.4,52.6,,0,0,,,,,20.5,330.7,1014.2,25.4,22.4,,,,,1971-07-14T05:27:13,1971-07-14T20:24:53,0.72,Partially cloudy,Partly cloudy throughout the day.,partly-cloudy-day,99999914819
"Chicago,United States",1971-07-15,28.4,18.9,23.9,28.2,18.9,23.9,14,55.4,,0,0,,,,,27.7,255.4,1009.6,49.6,18.5,,,,,1971-07-15T05:28:00,1971-07-15T20:24:17,0.75,Partially cloudy,Partly cloudy throughout the day.,partly-cloudy-day,99999914819
"Chicago,United States",1971-07-16,32.2,18.4,25.3,32.5,18.4,25.5,15.3,54.9,,0,0,,,,,35.3,238.2,1011.2,20.4,23.3,,,,,1971-07-16T05:28:49,1971-07-16T20:23:40,0.8,Partially cloudy,Partly cloudy throughout the day.,partly-cloudy-day,99999914819
"Chicago,United States",1971-07-17,23.9,18.4,21.1,23.9,18.4,21.1,12.7,60.1,,0,0,,,,,24.1,61.8,1015.9,35,23.7,,,,,1971-07-17T05:29:39,1971-07-17T20:23:00,0.83,Partially cloudy,Partly cloudy throughout the day.,partly-cloudy-day,99999914819
"Chicago,United States",1971-07-18,27.9,15.1,21.8,27.1,15.1,21.7,11.8,54.7,,0,0,,,,,18.7,173.9,1013,66.7,22,,,,,1971-07-18T05:30:29,1971-07-18T20:22:18,0.87,Partially cloudy,Partly cloudy throughout the day.,partly-cloudy-day,99999914819
"Chicago,United States",1971-07-19,22.9,16.2,19.9,22.9,16.2,19.9,12.9,65.8,,0,0,,,,,29.5,353.5,1009.5,60.8,21.6,,,,,1971-07-19T05:31:21,1971-07-19T20:21:35,0.9,Partially cloudy,Partly cloudy throughout the day.,partly-cloudy-day,99999914819
"Chicago,United States",1971-07-20,26.7,13.4,20.5,26.7,13.4,20.5,12.2,60.1,,0,0,,,,,18.7,193.6,1016.8,44.6,19.9,,,,,1971-07-20T05:32:13,1971-07-20T20:20:50,0.94,Partially cloudy,Becoming cloudy in the afternoon.,partly-cloudy-day,99999914819
"Chicago,United States",1971-07-21,29.4,16.7,23.6,30.1,16.7,23.8,15.6,62,,0,0,,,,,31.7,197.9,1017.1,24.6,17.3,,,,,1971-07-21T05:33:06,1971-07-21T20:20:02,0.98,Partially cloudy,Partly cloudy throughout the day.,partly-cloudy-day,99999914819
"Chicago,United States",1971-07-22,31.2,20.7,25.8,31.6,20.7,26,16.6,58,,0,0,,,,,29.5,205.7,1015.6,65.8,18,,,,,1971-07-22T05:34:00,1971-07-22T20:19:13,0,Partially cloudy,Partly cloudy throughout the day.,partly-cloudy-day,99999914819
"Chicago,United States",1971-07-23,26.2,20.7,22.5,26.2,20.7,22.5,17.1,71.8,,0,0,,,,,27.7,188.8,1013.6,88.8,7.9,,,,,1971-07-23T05:34:55,1971-07-23T20:18:22,0.04,Partially cloudy,Partly cloudy throughout the day.,partly-cloudy-day,99999914819
"Chicago,United States",1971-07-24,25.1,17.9,21.2,25.1,17.9,21.2,18.1,83.3,,0,0,,,,,18.7,53.3,1013.3,62.5,4.2,,,,,1971-07-24T05:35:50,1971-07-24T20:17:29,0.08,Partially cloudy,Partly cloudy throughout the day.,partly-cloudy-day,99999914819
"Chicago,United States",1971-07-25,29.4,18.4,23.6,32.6,18.4,24.3,19.3,78.4,,0,0,,,,,25.9,219.1,1010.9,62.5,5.3,,,,,1971-07-25T05:36:46,1971-07-25T20:16:35,0.11,Partially cloudy,Partly cloudy throughout the day.,partly-cloudy-day,99999914819
"Chicago,United States",1971-07-26,22.9,17.9,20.8,22.9,17.9,20.8,13.6,64.7,,0,0,,,,,27.7,296.1,1011.6,68.3,23.1,,,,,1971-07-26T05:37:43,1971-07-26T20:15:38,0.14,Partially cloudy,Partly cloudy throughout the day.,partly-cloudy-day,99999914819
"Chicago,United States",1971-07-27,24.4,12.9,19.4,24.4,12.9,19.4,10.7,59,,0,0,,,,,22.3,224.1,1016.4,39.2,24,,,,,1971-07-27T05:38:40,1971-07-27T20:14:40,0.17,Partially cloudy,Partly cloudy throughout the day.,partly-cloudy-day,99999914819
"Chicago,United States",1971-07-28,24.4,17.9,20,24.4,17.9,20,13.5,66.9,,0,0,,,,,31.7,214.8,1012.6,71.3,19.1,,,,,1971-07-28T05:39:38,1971-07-28T20:13:40,0.2,Partially cloudy,Partly cloudy throughout the day.,partly-cloudy-day,99999914819
"Chicago,United States",1971-07-29,21.7,12.2,17.8,21.7,12.2,17.8,11.3,67,,0,0,,,,,22.3,251.2,1017.1,63.3,22.2,,,,,1971-07-29T05:40:36,1971-07-29T20:12:39,0.24,Partially cloudy,Partly cloudy throughout the day.,partly-cloudy-day,99999914819
"Chicago,United States",1971-07-30,20.7,13.9,17.2,20.7,13.9,17.2,10.3,65.5,,0,0,,,,,20.5,273.5,1016.6,41.7,22.7,,,,,1971-07-30T05:41:34,1971-07-30T20:11:36,0.25,Partially cloudy,Partly cloudy throughout the day.,partly-cloudy-day,99999914819
"Chicago,United States",1971-07-31,23.9,12.2,18.7,23.9,12.2,18.7,11.3,63.9,,0,0,,,,,18.7,242.3,1018.4,24.6,24,,,,,1971-07-31T05:42:33,1971-07-31T20:10:31,0.3,Partially cloudy,Partly cloudy throughout the day.,partly-cloudy-day,99999914819
"Chicago,United States",1971-08-01,26.7,15.1,21.2,26.7,15.1,21.2,14.3,65.5,,0,0,,,,,29.5,194,1019.4,17.5,22.7,,,,,1971-08-01T05:43:33,1971-08-01T20:09:25,0.33,Clear,Clear conditions throughout the day.,clear-day,99999914819
"Chicago,United States",1971-08-02,25.1,17.2,21.1,25.1,17.2,21.1,16.2,74.1,,0,0,,,,,22.3,216.6,1017.7,72.5,14.1,,,,,1971-08-02T05:44:33,1971-08-02T20:08:17,0.37,Partially cloudy,Partly cloudy throughout the day.,partly-cloudy-day,99999914819
"Chicago,United States",1971-08-03,20.7,16.2,19.1,20.7,16.2,19.1,14.5,74.9,,0,0,,,,,25.9,46.9,1019.8,100,14.8,,,,,1971-08-03T05:45:33,1971-08-03T20:07:08,0.4,Overcast,Cloudy skies throughout the day.,cloudy,99999914819
"Chicago,United States",1971-08-04,19.4,16.2,18.5,19.4,16.2,18.5,14.5,77.6,,0,0,,,,,27.7,32.6,1022.7,94.6,15.4,,,,,1971-08-04T05:46:33,1971-08-04T20:05:57,0.43,Overcast,Cloudy skies throughout the day.,cloudy,99999914819
"Chicago,United States",1971-08-05,22.2,16.2,19.7,22.2,16.2,19.7,13.6,68.6,,0,0,,,,,20.5,49.6,1025.9,51.3,19.5,,,,,1971-08-05T05:47:34,1971-08-05T20:04:44,0.46,Partially cloudy,Partly cloudy throughout the day.,partly-cloudy-day,99999914819
"Chicago,United States",1971-08-06,25.1,15.7,20.6,25.1,15.7,20.6,13,63.5,,0,0,,,,,20.5,62.6,1023.6,74.6,18.7,,,,,1971-08-06T05:48:35,1971-08-06T20:03:31,0.5,Partially cloudy,Partly cloudy throughout the day.,partly-cloudy-day,99999914819
"Chicago,United States",1971-08-07,26.7,16.7,20.8,26.7,16.7,20.8,13.9,65.2,,0,0,,,,,14.8,170.5,1021,86.3,11.3,,,,,1971-08-07T05:49:36,1971-08-07T20:02:16,0.53,Partially cloudy,Partly cloudy throughout the day.,partly-cloudy-day,99999914819
"Chicago,United States",1971-08-08,32.9,17.9,24.7,31.5,17.9,24.7,16,61.2,,0,0,,,,,16.6,197.1,1019.8,55.4,10.7,,,,,1971-08-08T05:50:37,1971-08-08T20:00:59,0.57,Partially cloudy,Partly cloudy throughout the day.,partly-cloudy-day,99999914819
"Chicago,United States",1971-08-09,35.1,22.9,28.4,39.2,22.9,30.2,20.8,65.1,,0,0,,,,,25.9,221.1,1016.2,26.3,12.4,,,,,1971-08-09T05:51:39,1971-08-09T19:59:41,0.6,Partially cloudy,Partly cloudy throughout the day.,partly-cloudy-day,99999914819
"Chicago,United States",1971-08-10,34.4,21.7,26.7,37.9,21.7,27.7,20.7,72.8,,0,0,,,,,53.6,222.3,1009.3,37.1,16,,,,,1971-08-10T05:52:41,1971-08-10T19:58:22,0.64,Partially cloudy,Becoming cloudy in the afternoon.,wind,99999914819
"Chicago,United States",1971-08-11,23.4,16.7,20.3,23.4,16.7,20.3,14,67.5,,0,0,,,,,24.1,347.3,1014,17.1,19.6,,,,,1971-08-11T05:53:42,1971-08-11T19:57:02,0.67,Clear,Clear conditions throughout the day.,clear-day,99999914819
"Chicago,United States",1971-08-12,27.9,14.4,21.5,27.8,14.4,21.5,13,59.5,,0,0,,,,,29.5,201.2,1016.2,31.3,21.8,,,,,1971-08-12T05:54:44,1971-08-12T19:55:40,0.71,Partially cloudy,Partly cloudy throughout the day.,partly-cloudy-day,99999914819
"Chicago,United States",1971-08-13,32.9,18.9,25.6,36.1,18.9,26.8,18.5,66.1,,0,0,,,,,27.7,189.3,1015,21.7,12.7,,,,,1971-08-13T05:55:46,1971-08-13T19:54:17,0.75,Partially cloudy,Partly cloudy throughout the day.,partly-cloudy-day,99999914819
"Chicago,United States",1971-08-14,26.2,18.4,22.5,26.2,18.4,22.5,18.1,76.4,,0,0,,,,,31.7,24.3,1017,92.9,15.1,,,,,1971-08-14T05:56:48,1971-08-14T19:52:53,0.78,Overcast,Cloudy skies throughout the day.,cloudy,99999914819
"Chicago,United States",1971-08-15,22.9,18.4,20.4,22.9,18.4,20.4,16.3,77.8,,0,0,,,,,27.7,33,1022.4,53.8,16.4,,,,,1971-08-15T05:57:51,1971-08-15T19:51:28,0.81,Partially cloudy,Partly cloudy throughout the day.,partly-cloudy-day,99999914819
"Chicago,United States",1971-08-16,25.7,13.4,20.4,25.7,13.4,20.4,14,69.3,,0,0,,,,,18.7,62.2,1023.9,4.2,15.4,,,,,1971-08-16T05:58:53,1971-08-16T19:50:02,0.85,Clear,Clear conditions throughout the day.,clear-day,99999914819
"Chicago,United States",1971-08-17,25.1,12.2,19.7,25.1,12.2,19.7,15.4,77.7,,0,0,,,,,14.8,65.3,1021.6,5.8,10.2,,,,,1971-08-17T05:59:55,1971-08-17T19:48:35,0.89,Clear,Clear conditions throughout the day.,clear-day,99999914819
"Chicago,United States",1971-08-18,31.2,16.7,23.8,31,16.7,23.8,15.6,62.8,,0,0,,,,,18.7,196.2,1018,1.7,12.6,,,,,1971-08-18T06:00:57,1971-08-18T19:47:06,0.92,Clear,Clear conditions throughout the day.,clear-day,99999914819
"Chicago,United States",1971-08-19,30.7,18.4,25.4,32.2,18.4,26.3,19.1,69.1,,0,0,,,,,24.1,203.2,1013.8,45,7.6,,,,,1971-08-19T06:02:00,1971-08-19T19:45:37,0.96,Partially cloudy,Partly cloudy throughout the day.,partly-cloudy-day,99999914819
"Chicago,United States",1971-08-20,34.4,21.7,27.3,37.3,21.7,28.6,20.5,68.8,,0,0,,,,,25.9,232.8,1013.3,46.7,10,,,,,1971-08-20T06:03:02,1971-08-20T19:44:07,0,Partially cloudy,Partly cloudy throughout the day.,partly-cloudy-day,99999914819
"Chicago,United States",1971-08-21,32.2,21.2,26.4,35.2,21.2,27.3,19.7,68,,0,0,,,,,24.1,227.3,1012,70.8,10,,,,,1971-08-21T06:04:05,1971-08-21T19:42:36,0.02,Partially cloudy,Partly cloudy throughout the day.,partly-cloudy-day,99999914819
"Chicago,United States",1971-08-22,33.9,20.7,26.8,35.2,20.7,27.6,19.1,65.6,,0,0,,,,,61.2,268,1009.1,27.5,13.8,,,,,1971-08-22T06:05:07,1971-08-22T19:41:04,0.06,Partially cloudy,Partly cloudy throughout the day.,wind,99999914819
"Chicago,United States",1971-08-23,22.9,18.4,20.6,22.9,18.4,20.6,14.1,67.7,,0,0,,,,,33.5,49.2,1016.1,53.8,22.8,,,,,1971-08-23T06:06:09,1971-08-23T19:39:31,0.09,Partially cloudy,Partly cloudy throughout the day.,partly-cloudy-day,99999914819
"Chicago,United States",1971-08-24,32.2,17.2,22.8,36.1,17.2,23.7,17.4,72.6,,0,0,,,,,27.7,168.8,1016.3,62.5,15.3,,,,,1971-08-24T06:07:11,1971-08-24T19:37:57,0.12,Partially cloudy,Partly cloudy throughout the day.,partly-cloudy-day,99999914819
"Chicago,United States",1971-08-25,28.4,18.4,23.7,28.1,18.4,23.6,15.4,61.8,,0,0,,,,,22.3,283,1013.8,32.5,18.4,,,,,1971-08-25T06:08:14,1971-08-25T19:36:22,0.16,Partially cloudy,Partly cloudy throughout the day.,partly-cloudy-day,99999914819
"Chicago,United States",1971-08-26,21.2,15.7,18.3,21.2,15.7,18.3,14.3,77.8,,0,0,,,,,27.7,332.7,1015.3,76.3,15.7,,,,,1971-08-26T06:09:16,1971-08-26T19:34:47,0.19,Partially cloudy,Partly cloudy throughout the day.,partly-cloudy-day,99999914819
"Chicago,United States",1971-08-27,22.2,16.7,18.8,22.2,16.7,18.8,14,74.2,,0,0,,,,,25.9,347.3,1017.9,71.3,11.2,,,,,1971-08-27T06:10:18,1971-08-27T19:33:11,0.22,Partially cloudy,Partly cloudy throughout the day.,partly-cloudy-day,99999914819
"Chicago,United States",1971-08-28,25.7,13.9,19.7,25.7,13.9,19.7,13,67.5,,0,0,,,,,22.3,346,1020.7,0.4,19.3,,,,,1971-08-28T06:11:20,1971-08-28T19:31:34,0.25,Clear,Clear conditions throughout the day.,clear-day,99999914819
"Chicago,United States",1971-08-29,29.4,14.4,22.5,28.7,14.4,22.3,13.4,59.6,,0,0,,,,,14.8,198.1,1023,2.9,20.8,,,,,1971-08-29T06:12:22,1971-08-29T19:29:56,0.29,Clear,Clear conditions throughout the day.,clear-day,99999914819
"Chicago,United States",1971-08-30,31.2,17.9,23.5,31.6,17.9,23.7,16.4,66.4,,0,0,,,,,24.1,74.3,1021.2,34.6,12.2,,,,,1971-08-30T06:13:25,1971-08-30T19:28:18,0.32,Partially cloudy,Becoming cloudy in the afternoon.,partly-cloudy-day,99999914819
"Chicago,United States",1971-08-31,26.2,18.9,21.9,26.2,18.9,21.9,18.4,81.2,,0,0,,,,,22.3,59.9,1020.6,57.9,5.3,,,,,1971-08-31T06:14:27,1971-08-31T19:26:40,0.35,Partially cloudy,Partly cloudy throughout the day.,partly-cloudy-day,99999914819
"Chicago,United States",1971-09-01,30.1,20.1,24.9,33.1,20.1,26,20,74.8,,0,0,,,,,20.5,135.6,1017.9,73.3,6.3,,,,,1971-09-01T06:15:29,1971-09-01T19:25:00,0.39,Partially cloudy,Partly cloudy throughout the day.,partly-cloudy-day,99999914819
"Chicago,United States",1971-09-02,32.2,22.2,26.9,36.1,22.2,28.5,21.6,73.8,,0,0,,,,,29.5,182.6,1016.4,47.5,10.9,,,,,1971-09-02T06:16:31,1971-09-02T19:23:20,0.42,Partially cloudy,Partly cloudy throughout the day.,partly-cloudy-day,99999914819
"Chicago,United States",1971-09-03,31.2,22.9,26.7,35.5,22.9,28.1,22,76.4,,0,0,,,,,27.7,180,1015.7,77.1,10.1,,,,,1971-09-03T06:17:33,1971-09-03T19:21:40,0.45,Partially cloudy,Partly cloudy throughout the day.,partly-cloudy-day,99999914819
"Chicago,United States",1971-09-04,31.7,23.4,26.8,37.3,23.4,28.4,22.5,78.3,,0,0,,,,,27.7,175,1014.6,71.3,8.9,,,,,1971-09-04T06:18:35,1971-09-04T19:19:59,0.5,Partially cloudy,Partly cloudy throughout the day.,partly-cloudy-day,99999914819
"Chicago,United States",1971-09-05,32.9,21.7,25.4,38.3,21.7,26.3,21.2,78.2,,0,0,,,,,50,177.7,1014.1,67.1,10.4,,,,,1971-09-05T06:19:37,1971-09-05T19:18:17,0.52,Partially cloudy,Partly cloudy throughout the day.,wind,99999914819
"Chicago,United States",1971-09-06,30.1,19.4,23.4,34.1,19.4,24,20.4,83.6,,0,0,,,,,24.1,177.5,1013.9,66.7,15.3,,,,,1971-09-06T06:20:38,1971-09-06T19:16:36,0.55,Partially cloudy,Partly cloudy throughout the day.,partly-cloudy-day,99999914819
"Chicago,United States",1971-09-07,32.2,19.4,25.8,37.4,19.4,27.7,21.4,77.9,,0,0,,,,,25.9,185.2,1014.5,21.3,13.6,,,,,1971-09-07T06:21:40,1971-09-07T19:14:53,0.59,Partially cloudy,Partly cloudy throughout the day.,partly-cloudy-day,99999914819
"Chicago,United States",1971-09-08,35.1,19.4,27.4,36.2,19.4,28.1,19.4,66.1,,0,0,,,,,24.1,203,1014.9,38.8,14.8,,,,,1971-09-08T06:22:42,1971-09-08T19:13:11,0.62,Partially cloudy,Partly cloudy throughout the day.,partly-cloudy-day,99999914819
"Chicago,United States",1971-09-09,32.2,21.2,26.7,33.8,21.2,27.5,19.7,67.4,,0,0,,,,,27.7,135.2,1015.2,45,10.1,,,,,1971-09-09T06:23:44,1971-09-09T19:11:28,0.66,Partially cloudy,Partly cloudy throughout the day.,partly-cloudy-day,99999914819
"Chicago,United States",1971-09-10,31.7,23.4,26.7,31.9,23.4,26.8,17.8,60.1,,0,0,,,,,22.3,260.1,1011.8,44.2,14.3,,,,,1971-09-10T06:24:46,1971-09-10T19:09:44,0.69,Partially cloudy,Clearing in the afternoon.,partly-cloudy-day,99999914819
"Chicago,United States",1971-09-11,23.4,17.2,20.5,23.4,17.2,20.5,14.7,69.7,,0,0,,,,,29.5,8.3,1013,61.3,23.6,,,,,1971-09-11T06:25:48,1971-09-11T19:08:01,0.75,Partially cloudy,Partly cloudy throughout the day.,partly-cloudy-day,99999914819
"Chicago,United States",1971-09-12,22.2,17.2,19.6,22.2,17.2,19.6,14.3,71.7,,0,0,,,,,20.5,4.9,1014.5,60.4,21,,,,,1971-09-12T06:26:50,1971-09-12T19:06:17,0.76,Partially cloudy,Partly cloudy throughout the day.,partly-cloudy-day,99999914819
"Chicago,United States",1971-09-13,25.7,14.4,19.7,25.7,14.4,19.7,14.1,71,,0,0,,,,,16.6,140.2,1010.1,4.2,11.8,,,,,1971-09-13T06:27:52,1971-09-13T19:04:33,0.8,Clear,Clear conditions throughout the day.,clear-day,99999914819
"Chicago,United States",1971-09-14,32.2,15.7,23.8,31.5,15.7,23.7,13.9,56.2,,0,0,,,,,29.5,197.4,1003.5,1.3,15,,,,,1971-09-14T06:28:54,1971-09-14T19:02:48,0.83,Clear,Clear conditions throughout the day.,clear-day,99999914819
"Chicago,United States",1971-09-15,21.7,15.1,18.3,21.7,15.1,18.3,8,51.6,,0,0,,,,,25.9,297.5,1012.9,69.2,22.8,,,,,1971-09-15T06:29:56,1971-09-15T19:01:04,0.86,Partially cloudy,Partly cloudy throughout the day.,partly-cloudy-day,99999914819
"Chicago,United States",1971-09-16,22.2,12.2,17,22.2,12.2,17,8.9,60.9,,0,0,,,,,18.7,68.7,1020,95.8,15.8,,,,,1971-09-16T06:30:58,1971-09-16T18:59:19,0.9,Overcast,Cloudy skies throughout the day.,cloudy,99999914819
"Chicago,United States",1971-09-17,22.2,12.9,18.1,22.2,12.9,18.1,10.1,61.4,,0,0,,,,,20.5,56.1,1023.4,62.5,16.5,,,,,1971-09-17T06:32:00,1971-09-17T18:57:35,0.93,Partially cloudy,Partly cloudy throughout the day.,partly-cloudy-day,99999914819
"Chicago,United States",1971-09-18,18.4,16.7,17.8,18.4,16.7,17.8,11.9,69.2,,0,0,,,,,27.7,50.8,1025.1,100,18.6,,,,,1971-09-18T06:33:03,1971-09-18T18:55:50,0.97,Overcast,Cloudy skies throughout the day.,cloudy,99999914819
"Chicago,United States",1971-09-19,17.9,13.9,16.1,17.9,13.9,16.1,13.9,87.3,,0,0,,,,,24.1,171.5,1015.9,100,6.5,,,,,1971-09-19T06:34:05,1971-09-19T18:54:05,0,Overcast,Cloudy skies throughout the day.,cloudy,99999914819
"Chicago,United States",1971-09-20,17.9,11.7,14.2,17.9,11.7,14.2,7.9,67.4,,0,0,,,,,24.1,302.1,1017.2,77.1,19.9,,,,,1971-09-20T06:35:08,1971-09-20T18:52:20,0.04,Partially cloudy,Partly cloudy throughout the day.,partly-cloudy-day,99999914819
"Chicago,United States",1971-09-21,21.2,8.4,15,21.2,7.8,14.9,5.9,58.4,,0,0,,,,,14.8,175.8,1025.4,6.7,15.7,,,,,1971-09-21T06:36:10,1971-09-21T18:50:35,0.07,Clear,Clear conditions throughout the day.,clear-day,99999914819
"Chicago,United States",1971-09-22,22.2,11.2,16.8,22.2,11.2,16.8,8.4,59.4,,0,0,,,,,16.6,140.9,1024.5,65,11.6,,,,,1971-09-22T06:37:13,1971-09-22T18:48:50,0.1,Partially cloudy,Partly cloudy throughout the day.,partly-cloudy-day,99999914819
"Chicago,United States",1971-09-23,17.9,10.1,14.8,17.9,10.1,14.8,7.6,62.7,,0,0,,,,,25.9,269.7,1024.1,62.9,18.2,,,,,1971-09-23T06:38:16,1971-09-23T18:47:06,0.14,Partially cloudy,Partly cloudy throughout the day.,partly-cloudy-day,99999914819
"Chicago,United States",1971-09-24,20.1,6.7,13.6,20.1,6.5,13.5,4.9,57.4,,0,0,,,,,20.5,92.2,1029.6,16.3,15.7,,,,,1971-09-24T06:39:19,1971-09-24T18:45:21,0.17,Clear,Clear conditions throughout the day.,clear-day,99999914819
"Chicago,United States",1971-09-25,13.9,10.7,12.7,13.9,10.7,12.7,9,79.2,,0,0,,,,,27.7,134.2,1021.2,92.1,9.4,,,,,1971-09-25T06:40:22,1971-09-25T18:43:36,0.2,Overcast,Cloudy skies throughout the day.,cloudy,99999914819
"Chicago,United States",1971-09-26,23.9,13.4,18,23.9,13.4,18,15.5,86.2,,0,0,,,,,16.6,112.5,1013.9,92.5,3.8,,,,,1971-09-26T06:41:25,1971-09-26T18:41:52,0.24,Overcast,Cloudy skies throughout the day.,cloudy,99999914819
"Chicago,United States",1971-09-27,32.2,21.2,25.4,34.8,21.2,26.2,20.6,76.1,,0,0,,,,,27.7,186.8,1012.5,47.9,13.1,,,,,1971-09-27T06:42:28,1971-09-27T18:40:07,0.25,Partially cloudy,Partly cloudy throughout the day.,partly-cloudy-day,99999914819
"Chicago,United States",1971-09-28,31.7,21.7,26.5,34.2,21.7,27.6,20.3,70.2,,0,0,,,,,37.1,187.7,1013,51.3,14.2,,,,,1971-09-28T06:43:32,1971-09-28T18:38:23,0.31,Partially cloudy,Partly cloudy throughout the day.,partly-cloudy-day,99999914819
"Chicago,United States",1971-09-29,27.2,19.4,22.4,28.7,19.4,22.5,14.2,59.8,,0,0,,,,,24.1,51.1,1018.5,66.3,19.6,,,,,1971-09-29T06:44:36,1971-09-29T18:36:40,0.34,Partially cloudy,Partly cloudy throughout the day.,partly-cloudy-day,99999914819
"Chicago,United States",1971-09-30,33.4,19.4,26.1,34.9,19.4,26.8,18.3,63.8,,0,0,,,,,27.7,177.8,1016.8,32.5,11.6,,,,,1971-09-30T06:45:40,1971-09-30T18:34:56,0.37,Partially cloudy,Partly cloudy throughout the day.,partly-cloudy-day,99999914819
"Chicago,United States",1971-10-01,33.4,21.7,26.9,33.8,21.7,26.9,17,57.5,,0,0,,,,,20.5,188.3,1015.5,25,12.5,,,,,1971-10-01T06:46:44,1971-10-01T18:33:13,0.41,Partially cloudy,Partly cloudy throughout the day.,partly-cloudy-day,99999914819
"Chicago,United States",1971-10-02,32.2,20.7,26.2,32.6,20.7,26.3,15.6,53.3,,0,0,,,,,24.1,192.2,1013.5,37.1,14,,,,,1971-10-02T06:47:48,1971-10-02T18:31:30,0.44,Partially cloudy,Partly cloudy throughout the day.,partly-cloudy-day,99999914819
"Chicago,United States",1971-10-03,23.9,17.2,21.4,23.9,17.2,21.4,15.6,69.9,,0,0,,,,,24.1,208.5,1011.1,74.6,14.9,,,,,1971-10-03T06:48:53,1971-10-03T18:29:47,0.47,Partially cloudy,Partly cloudy throughout the day.,partly-cloudy-day,99999914819
"Chicago,United States",1971-10-04,20.7,11.2,15.9,20.7,11.2,15.9,8.9,64.5,,0,0,,,,,25.9,244,1015.7,48.3,19.8,,,,,1971-10-04T06:49:58,1971-10-04T18:28:05,0.5,Partially cloudy,Partly cloudy throughout the day.,partly-cloudy-day,99999914819
"Chicago,United States",1971-10-05,25.7,10.1,17.1,25.7,10.1,17.1,8.6,60.8,,0,0,,,,,25.9,242.7,1014.4,39.6,19.4,,,,,1971-10-05T06:51:03,1971-10-05T18:26:24,0.54,Partially cloudy,Partly cloudy throughout the day.,partly-cloudy-day,99999914819
"Chicago,United States",1971-10-06,17.9,9.4,12.9,17.9,6.9,12.7,7.4,70.4,,0,0,,,,,29.5,308,1014.6,42.5,23.1,,,,,1971-10-06T06:52:09,1971-10-06T18:24:42,0.57,Partially cloudy,Partly cloudy throughout the day.,partly-cloudy-day,99999914819
"Chicago,United States",1971-10-07,16.7,4.4,10.9,16.7,1.7,9.8,4.1,66,,0,0,,,,,16.6,326.7,1019.7,10,22.5,,,,,1971-10-07T06:53:14,1971-10-07T18:23:02,0.61,Clear,Clear conditions throughout the day.,clear-day,99999914819
"Chicago,United States",1971-10-08,13.4,7.9,10.4,13.4,5.3,9.4,6.3,76,,0,0,,,,,35.3,193.8,1013,58.3,15.8,,,,,1971-10-08T06:54:20,1971-10-08T18:21:21,0.64,Partially cloudy,Partly cloudy throughout the day.,partly-cloudy-day,99999914819
"Chicago,United States",1971-10-09,11.7,6.2,8.8,11.7,3.8,7.4,4,72.7,,0,0,,,,,20.5,262.6,1012.3,78.3,20.3,,,,,1971-10-09T06:55:27,1971-10-09T18:19:42,0.68,Partially cloudy,Partly cloudy throughout the day.,partly-cloudy-day,99999914819
"Chicago,United States",1971-10-10,15.7,6.7,10.9,15.7,3.6,9.8,4.9,68.3,,0,0,,,,,22.3,281.4,1011,41.7,22.7,,,,,1971-10-10T06:56:33,1971-10-10T18:18:03,0.71,Partially cloudy,Becoming cloudy in the afternoon.,partly-cloudy-day,99999914819
"Chicago,United States",1971-10-11,17.9,8.9,13,17.9,7.4,12.8,2,49.4,,0,0,,,,,27.7,282.7,1008.2,14.2,23.7,,,,,1971-10-11T06:57:40,1971-10-11T18:16:24,0.75,Clear,Clear conditions throughout the day.,clear-day,99999914819
"Chicago,United States",1971-10-12,20.7,4.4,12.5,20.7,3.2,12.1,1.2,49.8,,0,0,,,,,18.7,200.3,1014.9,47.5,18.5,,,,,1971-10-12T06:58:47,1971-10-12T18:14:46,0.78,Partially cloudy,Partly cloudy throughout the day.,partly-cloudy-day,99999914819
"Chicago,United States",1971-10-13,20.7,11.2,14.9,20.7,11.2,14.9,7.6,62.9,,0,0,,,,,24.1,183.2,1009.9,57.5,11.9,,,,,1971-10-13T06:59:55,1971-10-13T18:13:09,0.81,Partially cloudy,Partly cloudy throughout the day.,partly-cloudy-day,99999914819
"Chicago,United States",1971-10-14,22.2,6.7,13.5,22.2,3.8,12.7,7.3,69,,0,0,,,,,27.7,201.3,1013,34.6,13,,,,,1971-10-14T07:01:03,1971-10-14T18:11:33,0.84,Partially cloudy,Partly cloudy throughout the day.,partly-cloudy-day,99999914819
"Chicago,United States",1971-10-15,27.2,11.7,16.3,26.8,11.7,16.3,9,63.9,,0,0,,,,,16.6,177.5,1015.9,39.6,14.6,,,,,1971-10-15T07:02:11,1971-10-15T18:09:57,0.88,Partially cloudy,Partly cloudy throughout the day.,partly-cloudy-day,99999914819
"Chicago,United States",1971-10-16,20.7,11.7,15.6,20.7,11.7,15.6,12.7,83.7,,0,0,,,,,22.3,10.4,1021.7,17.1,6.5,,,,,1971-10-16T07:03:19,1971-10-16T18:08:22,0.91,Clear,Clear conditions throughout the day.,clear-day,99999914819
"Chicago,United States",1971-10-17,23.9,12.2,17.5,23.9,12.2,17.5,13.5,78.7,,0,0,,,,,20.5,113.1,1022.9,27.5,4.1,,,,,1971-10-17T07:04:28,1971-10-17T18:06:48,0.95,Partially cloudy,Partly cloudy throughout the day.,partly-cloudy-day,99999914819
"Chicago,United States",1971-10-18,24.4,14.4,18.6,24.4,14.4,18.6,14.6,78.3,,0,0,,,,,24.1,138.6,1019.8,24.2,5.2,,,,,1971-10-18T07:05:37,1971-10-18T18:05:15,0.98,Partially cloudy,Partly cloudy throughout the day.,partly-cloudy-day,99999914819
"Chicago,United States",1971-10-19,28.4,16.7,21.8,28.9,16.7,21.9,16.5,73.8,,0,0,,,,,25.9,182.1,1020.4,70.8,8.4,,,,,1971-10-19T07:06:47,1971-10-19T18:03:43,0,Partially cloudy,Partly cloudy throughout the day.,partly-cloudy-day,99999914819
"Chicago,United States",1971-10-20,27.9,14.4,21.3,27.5,14.4,21.3,13.2,62.4,,0,0,,,,,18.7,114.8,1023.9,54.2,9.3,,,,,1971-10-20T07:07:56,1971-10-20T18:02:12,0.05,Partially cloudy,Partly cloudy throughout the day.,partly-cloudy-day,99999914819
"Chicago,United States",1971-10-21,26.2,18.9,21.2,26.2,18.9,21.2,14.6,66.2,,0,0,,,,,22.3,167.2,1023.1,83.8,13.1,,,,,1971-10-21T07:09:06,1971-10-21T18:00:42,0.08,Partially cloudy,Partly cloudy throughout the day.,partly-cloudy-day,99999914819
"Chicago,United States",1971-10-22,21.2,16.7,18.9,21.2,16.7,18.9,16.3,85.2,,0,0,,,,,27.7,35.3,1018.9,100,5.9,,,,,1971-10-22T07:10:17,1971-10-22T17:59:12,0.12,Overcast,Cloudy skies throughout the day.,cloudy,99999914819
"Chicago,United States",1971-10-23,17.2,14.4,15.8,17.2,14.4,15.8,14.8,93.7,,0,0,,,,,27.7,19.5,1017.4,100,3.3,,,,,1971-10-23T07:11:28,1971-10-23T17:57:44,0.15,Overcast,Cloudy skies throughout the day.,cloudy,99999914819
"Chicago,United States",1971-10-24,18.4,16.2,16.9,18.4,16.2,16.9,16.1,95.3,,0,0,,,,,16.6,53.7,1014.4,100,2.8,,,,,1971-10-24T07:12:39,1971-10-24T17:56:17,0.18,Overcast,Cloudy skies throughout the day.,cloudy,99999914819
"Chicago,United States",1971-10-25,20.7,14.4,17.2,20.7,14.4,17.2,14.9,87.2,,0,0,,,,,16.6,241,1015.3,78.8,4.5,,,,,1971-10-25T07:13:50,1971-10-25T17:54:51,0.22,Partially cloudy,Partly cloudy throughout the day.,partly-cloudy-day,99999914819
"Chicago,United States",1971-10-26,24.4,12.9,18.2,24.4,12.9,18.2,13,73.4,,0,0,,,,,35.3,195.2,1010.2,36.3,10.2,,,,,1971-10-26T07:15:02,1971-10-26T17:53:26,0.25,Partially cloudy,Partly cloudy throughout the day.,partly-cloudy-day,99999914819
"Chicago,United States",1971-10-27,23.9,15.7,19.5,23.9,15.7,19.5,11.6,62.5,,0,0,,,,,57.6,195,1003.5,52.5,11.9,,,,,1971-10-27T07:16:14,1971-10-27T17:52:02,0.25,Partially cloudy,Partly cloudy throughout the day.,wind,99999914819
"Chicago,United States",1971-10-28,17.9,7.2,13.2,17.9,5.8,13,7.2,67.9,,0,0,,,,,16.6,19.7,1021.6,0,18,,,,,1971-10-28T07:17:26,1971-10-28T17:50:40,0.32,Clear,Clear conditions throughout the day.,clear-day,99999914819
"Chicago,United States",1971-10-29,23.4,10.7,16.7,23.4,10.7,16.7,12.2,76.4,,0,0,,,,,16.6,79.4,1023.3,45,4.5,,,,,1971-10-29T07:18:38,1971-10-29T17:49:19,0.36,Partially cloudy,Becoming cloudy in the afternoon.,partly-cloudy-day,99999914819
"Chicago,United States",1971-10-30,26.7,16.7,21,26.7,16.7,21,13.7,63.7,,0,0,,,,,37.1,176.1,1015.9,66.3,11,,,,,1971-10-30T07:19:51,1971-10-30T17:47:59,0.39,Partially cloudy,Partly cloudy throughout the day.,partly-cloudy-day,99999914819
"Chicago,United States",1971-10-31,15.1,3.9,9,15.1,-0.6,7.6,-0.1,53.9,,0,0,,,,,42.5,256.5,1021.2,25.6,23.1,,,,,1971-10-31T06:21:04,1971-10-31T16:46:40,0.43,Partially cloudy,Partly cloudy throughout the day.,partly-cloudy-day,99999914819
"Chicago,United States",1971-11-01,20.7,1.7,11.4,20.7,-1.6,11,4.5,63.5,,0,0,,,,,37.1,149.5,1015.6,78.8,13,,,,,1971-11-01T06:22:17,1971-11-01T16:45:23,0.46,Partially cloudy,Partly cloudy throughout the day.,partly-cloudy-day,99999914819
"Chicago,United States",1971-11-02,20.7,6.7,11.7,20.7,3.8,10.9,5.8,67.9,,0,0,,,,,42.5,259.5,1009.1,53.3,20,,,,,1971-11-02T06:23:31,1971-11-02T16:44:07,0.5,Partially cloudy,Partly cloudy throughout the day.,partly-cloudy-day,99999914819
"Chicago,United States",1971-11-03,10.7,1.2,5.5,10.7,-3,1.8,-2.8,57.3,,0,0,,,,,37.1,267.3,1015.9,30.4,24,,,,,1971-11-03T06:24:44,1971-11-03T16:42:53,0.53,Partially cloudy,Partly cloudy throughout the day.,partly-cloudy-day,99999914819
"Chicago,United States",1971-11-04,7.2,-2.8,3,5.4,-7.9,-0.6,-5.2,56.1,,0,0,,,,,20.5,236.5,1021.3,27.5,23.6,,,,,1971-11-04T06:25:58,1971-11-04T16:41:40,0.56,Partially cloudy,Becoming cloudy in the afternoon.,partly-cloudy-day,99999914819
"Chicago,United States",1971-11-05,17.9,6.7,12.2,17.9,2.5,10.5,-0.7,42,,0,0,,,,,55.8,198.9,1014,64.6,24,,,,,1971-11-05T06:27:12,1971-11-05T16:40:29,0.59,Partially cloudy,Partly cloudy throughout the day.,wind,99999914819
"Chicago,United States",1971-11-06,8.4,-4.3,2,5.1,-11.8,-3.5,-11.4,37.4,,0,0,,,,,35.3,276.8,1023.2,39.2,23.8,,,,,1971-11-06T06:28:26,1971-11-06T16:39:19,0.63,Partially cloudy,Clearing in the afternoon.,partly-cloudy-day,99999914819
"Chicago,United States",1971-11-07,1.2,-7.8,-3.7,-3.3,-14.3,-8.9,-13.1,48.8,,0,0,,,,,27.7,271.3,1033.3,0,24,,,,,1971-11-07T06:29:40,1971-11-07T16:38:11,0.66,Clear,Clear conditions throughout the day.,clear-day,99999914819
"Chicago,United States",1971-11-08,5.1,-7.1,-0.1,0.3,-11,-4.3,-9.7,50.6,,0,0,,,,,31.7,180.1,1029.8,58.8,22.9,,,,,1971-11-08T06:30:55,1971-11-08T16:37:05,0.69,Partially cloudy,Partly cloudy throughout the day.,partly-cloudy-day,99999914819
"Chicago,United States",1971-11-09,3.4,0.1,1.5,0.4,-4.9,-2.9,-0.8,84.7,,0,0,,,,,24.1,227.7,1022.7,74.2,6,,,,,1971-11-09T06:32:09,1971-11-09T16:36:00,0.75,Partially cloudy,Partly cloudy throughout the day.,partly-cloudy-day,99999914819
"Chicago,United States",1971-11-10,13.9,-1.6,5.2,13.9,-5.2,2.4,0.3,73.2,,0,0,,,,,29.5,234.5,1020.6,20,10.5,,,,,1971-11-10T06:33:23,1971-11-10T16:34:57,0.76,Clear,Clearing in the afternoon.,clear-day,99999914819
"Chicago,United States",1971-11-11,12.9,3.4,7.8,12.9,1.7,6.2,3,72.8,,0,0,,,,,16.6,195.4,1019.4,59.2,11.7,,,,,1971-11-11T06:34:38,1971-11-11T16:33:56,0.79,Partially cloudy,Partly cloudy throughout the day.,partly-cloudy-day,99999914819
"Chicago,United States",1971-11-12,18.9,7.2,11.5,18.9,5,10.5,3.4,58.4,,0,0,,,,,22.3,224.7,1012.1,87.1,10.8,,,,,1971-11-12T06:35:52,1971-11-12T16:32:56,0.82,Partially cloudy,Partly cloudy throughout the day.,partly-cloudy-day,99999914819
"Chicago,United States",1971-11-13,10.7,6.2,8.9,10.7,4.2,7,4.9,76.3,,0,0,,,,,27.7,72.1,1016.1,77.5,5,,,,,1971-11-13T06:37:06,1971-11-13T16:31:58,0.86,Partially cloudy,Partly cloudy throughout the day.,partly-cloudy-day,99999914819
"Chicago,United States",1971-11-14,25.7,10.7,17.8,25.7,10.7,17.8,11.3,66.6,,0,0,,,,,27.7,180,1013,34.2,15.9,,,,,1971-11-14T06:38:20,1971-11-14T16:31:03,0.89,Partially cloudy,Clearing in the afternoon.,partly-cloudy-day,99999914819
"Chicago,United States",1971-11-15,21.7,7.2,14,21.7,6.2,13.9,7.6,67.1,,0,0,,,,,16.6,250.8,1021.3,12.9,14.8,,,,,1971-11-15T06:39:34,1971-11-15T16:30:09,0.92,Clear,Clear conditions throughout the day.,clear-day,99999914819
"Chicago,United States",1971-11-16,20.7,8.4,14.6,20.7,7.2,14.4,9.8,73.7,,0,0,,,,,18.7,135.2,1022.4,72.9,7.5,,,,,1971-11-16T06:40:47,1971-11-16T16:29:17,0.96,Partially cloudy,Partly cloudy throughout the day.,partly-cloudy-day,99999914819
"Chicago,United States",1971-11-17,22.9,11.7,16.4,22.9,11.7,16.4,10.4,69.6,,0,0,,,,,29.5,185.3,1016.9,44.2,11.1,,,,,1971-11-17T06:42:01,1971-11-17T16:28:27,0,Partially cloudy,Partly cloudy throughout the day.,partly-cloudy-day,99999914819
"Chicago,United States",1971-11-18,18.9,6.2,14.6,18.9,2.1,13.9,11.2,80.9,,0,0,,,,,33.5,207.9,1010.4,97.1,8.9,,,,,1971-11-18T06:43:14,1971-11-18T16:27:39,0.02,Overcast,Cloudy skies throughout the day.,cloudy,99999914819
"Chicago,United States",1971-11-19,5.7,1.7,3.5,1.6,-3.3,-1.5,-1.8,69,,0,0,,,,,37.1,237.9,1011.4,85.4,22.1,,,,,1971-11-19T06:44:26,1971-11-19T16:26:53,0.06,Partially cloudy,Partly cloudy throughout the day.,partly-cloudy-day,99999914819
"Chicago,United States",1971-11-20,10.1,0.7,6.2,10.1,-5.9,2,-0.6,62.4,,0,0,,,,,44.6,271.4,1000.1,80.8,22.5,,,,,1971-11-20T06:45:39,1971-11-20T16:26:09,0.09,Partially cloudy,Partly cloudy throughout the day.,partly-cloudy-day,99999914819
"Chicago,United States",1971-11-21,2.2,-4.3,-0.2,-4.3,-11.4,-6.8,-8.4,54.5,,0,0,,,,,37.1,328.8,1016.7,50,24,,,,,1971-11-21T06:46:51,1971-11-21T16:25:27,0.13,Partially cloudy,Partly cloudy throughout the day.,partly-cloudy-day,99999914819
"Chicago,United States",1971-11-22,0.7,-7.1,-2.9,0.1,-14,-7.7,-9.4,61.5,,0,0,,,,,25.9,338.8,1027.2,25.4,22.5,,,,,1971-11-22T06:48:02,1971-11-22T16:24:47,0.16,Partially cloudy,Partly cloudy throughout the day.,partly-cloudy-day,99999914819
"Chicago,United States",1971-11-23,-0.6,-3.8,-2.3,-4.8,-9.5,-7.3,-7.6,67.5,,0,0,,,,,27.7,147.2,1028.3,77.9,14.9,,,,,1971-11-23T06:49:13,1971-11-23T16:24:10,0.2,Partially cloudy,Partly cloudy throughout the day.,partly-cloudy-day,99999914819
"Chicago,United States",1971-11-24,1.7,-3.8,-0.8,-2.1,-7.7,-4.6,-4.3,77.6,,0,0,,,,,20.5,256.4,1024.8,68.8,11.8,,,,,1971-11-24T06:50:23,1971-11-24T16:23:34,0.23,Partially cloudy,Partly cloudy throughout the day.,partly-cloudy-day,99999914819
"Chicago,United States",1971-11-25,6.7,0.7,2.5,3.8,-5.6,-2.1,-1.1,77,,0,0,,,,,31.7,197.5,1025,90,12,,,,,1971-11-25T06:51:33,1971-11-25T16:23:01,0.25,Partially cloudy,Partly cloudy throughout the day.,partly-cloudy-day,99999914819
"Chicago,United States",1971-11-26,3.4,1.7,2.6,-0.8,-4.1,-2.2,0.3,84.8,,0,0,,,,,27.7,167.2,1013.4,100,8,,,,,1971-11-26T06:52:41,1971-11-26T16:22:30,0.3,Overcast,Cloudy skies throughout the day.,cloudy,99999914819
"Chicago,United States",1971-11-27,3.4,0.1,1.7,3.4,-4.6,-2.4,-0.3,86.6,,0,0,,,,,29.5,318.2,1012.1,100,11,,,,,1971-11-27T06:53:50,1971-11-27T16:22:01,0.34,Overcast,Cloudy skies throughout the day.,cloudy,99999914819
"Chicago,United States",1971-11-28,3.4,-0.6,1.9,0.1,-3.8,-2,-1.2,80.1,,0,0,,,,,31.7,115.6,1016,100,10.4,,,,,1971-11-28T06:54:57,1971-11-28T16:21:35,0.37,Overcast,Cloudy skies throughout the day.,cloudy,99999914819
"Chicago,United States",1971-11-29,3.4,1.7,2.6,-1.5,-4.5,-3,1.1,89.6,,0,0,,,,,35.3,37.9,1002.7,100,7.6,,,,,1971-11-29T06:56:03,1971-11-29T16:21:11,0.41,Overcast,Cloudy skies throughout the day.,cloudy,99999914819
"Chicago,United States",1971-11-30,1.2,-4.3,-1.8,-5.3,-9.9,-7.3,-6,73.9,,0,0,,,,,33.5,316.5,1021.2,43.8,22.6,,,,,1971-11-30T06:57:09,1971-11-30T16:20:49,0.44,Partially cloudy,Partly cloudy throughout the day.,partly-cloudy-day,99999914819
"Chicago,United States",1971-12-01,1.7,-8.3,-3.1,-0.6,-14.2,-7.4,-8.4,68.7,,0,0,,,,,16.6,326.2,1035.6,3.3,19.4,,,,,1971-12-01T06:58:13,1971-12-01T16:20:29,0.48,Clear,Clear conditions throughout the day.,clear-day,99999914819
"Chicago,United States",1971-12-02,2.9,-7.8,-2.1,0.3,-11.6,-3.6,-6.5,72.9,,0,0,,,,,14.8,215.9,1037.4,11.7,12.1,,,,,1971-12-02T06:59:17,1971-12-02T16:20:12,0.5,Clear,Clear conditions throughout the day.,clear-day,99999914819
"Chicago,United States",1971-12-03,3.4,-2.1,0,0.4,-5.7,-2.4,-3.9,75.5,,0,0,,,,,16.6,52.5,1028.2,76.3,9,,,,,1971-12-03T07:00:19,1971-12-03T16:19:57,0.55,Partially cloudy,Partly cloudy throughout the day.,partly-cloudy-day,99999914819
"Chicago,United States",1971-12-04,4.4,0.7,2.4,1,-4.2,-1.7,-2.9,69,,0,0,,,,,22.3,116.8,1024.4,99.6,10.9,,,,,1971-12-04T07:01:20,1971-12-04T16:19:45,0.58,Overcast,Cloudy skies throughout the day.,cloudy,99999914819
"Chicago,United States",1971-12-05,3.9,2.2,3.3,1.9,-1.7,0,2.6,95,,0,0,,,,,20.5,175.6,1022,100,3.5,,,,,1971-12-05T07:02:20,1971-12-05T16:19:34,0.61,Overcast,Cloudy skies throughout the day.,cloudy,99999914819
"Chicago,United States",1971-12-06,6.7,3.9,5.2,6.7,0.7,4.1,3,86.1,,0,0,,,,,13,161,1015.1,100,7,,,,,1971-12-06T07:03:19,1971-12-06T16:19:27,0.64,Overcast,Cloudy skies throughout the day.,cloudy,99999914819
"Chicago,United States",1971-12-07,6.7,5.7,5.9,3.6,1,2,2,76.4,,0,0,,,,,31.7,44.6,1015.5,99.2,10.6,,,,,1971-12-07T07:04:16,1971-12-07T16:19:21,0.68,Overcast,Cloudy skies throughout the day.,cloudy,99999914819
"Chicago,United States",1971-12-08,7.9,5.7,6.4,6.6,2.6,4.4,3,79.1,,0,0,,,,,16.6,223.8,1022.2,98.3,6.7,,,,,1971-12-08T07:05:12,1971-12-08T16:19:18,0.71,Overcast,Cloudy skies throughout the day.,cloudy,99999914819
"Chicago,United States",1971-12-09,10.1,6.2,7.8,10.1,3,5.4,5.8,87.3,,0,0,,,,,22.3,189.4,1014.2,100,4.5,,,,,1971-12-09T07:06:06,1971-12-09T16:19:18,0.75,Overcast,Cloudy skies throughout the day.,cloudy,99999914819
"Chicago,United States",1971-12-10,14.4,4.4,10.2,14.4,-1,8.8,7.6,84.1,,0,0,,,,,48.2,236.3,997.8,97.5,9.7,,,,,1971-12-10T07:06:59,1971-12-10T16:19:20,0.77,Overcast,Cloudy skies throughout the day.,cloudy,99999914819
"Chicago,United States",1971-12-11,9.4,0.7,3.8,6.5,-3.6,0.3,-3.2,62.1,,0,0,,,,,27.7,220.5,1018.9,10.4,22.4,,,,,1971-12-11T07:07:50,1971-12-11T16:19:24,0.8,Clear,Clear conditions throughout the day.,clear-day,99999914819
"Chicago,United States",1971-12-12,6.2,-2.1,1.8,3.2,-7.7,-1.3,-3.8,66.9,,0,0,,,,,20.5,320.8,1017.9,52.9,15.5,,,,,1971-12-12T07:08:40,1971-12-12T16:19:30,0.84,Partially cloudy,Partly cloudy throughout the day.,partly-cloudy-day,99999914819
"Chicago,United States",1971-12-13,3.4,-5.6,-1.2,1.2,-9.2,-4.7,-8.7,57.5,,0,0,,,,,18.7,47.2,1025.9,39.2,15.3,,,,,1971-12-13T07:09:28,1971-12-13T16:19:39,0.87,Partially cloudy,Partly cloudy throughout the day.,partly-cloudy-day,99999914819
"Chicago,United States",1971-12-14,6.2,1.2,3.6,3.6,-3.4,0,1.1,84.3,,0,0,,,,,22.3,111.9,1012.5,99.6,3.8,,,,,1971-12-14T07:10:14,1971-12-14T16:19:51,0.9,Overcast,Cloudy skies throughout the day.,cloudy,99999914819
"Chicago,United States",1971-12-15,17.9,5.1,8.9,17.9,-0.2,5.4,5.9,81.8,,0,0,,,,,66.6,222.2,997.5,100,10.3,,,,,1971-12-15T07:10:59,1971-12-15T16:20:04,0.93,Overcast,Cloudy skies throughout the day.,wind,99999914819
"Chicago,United States",1971-12-16,4.4,1.7,3.2,0.7,-3.4,-0.9,-1.4,71.8,,0,0,,,,,29.5,265.8,1017.2,93.8,11.2,,,,,1971-12-16T07:11:42,1971-12-16T16:20:20,0.97,Overcast,Cloudy skies throughout the day.,cloudy,99999914819
"Chicago,United States",1971-12-17,1.7,-9.3,-5.4,-3.4,-20.4,-13.4,-12.7,57.2,,0,0,,,,,44.6,289.5,1022.5,40.4,19.4,,,,,1971-12-17T07:12:22,1971-12-17T16:20:39,0,Partially cloudy,Partly cloudy throughout the day.,partly-cloudy-day,99999914819
"Chicago,United States",1971-12-18,0.7,-10.6,-5.7,-5.6,-18.4,-12.2,-12.6,58.3,,0,0,,,,,31.7,212.4,1026.9,64.6,21.1,,,,,1971-12-18T07:13:01,1971-12-18T16:21:00,0.03,Partially cloudy,Partly cloudy throughout the day.,partly-cloudy-day,99999914819
"Chicago,United States",1971-12-19,6.7,-1.6,2.6,3.1,-8.3,-2.3,-3.6,65.1,,0,0,,,,,27.7,208.1,1010.4,85,21,,,,,1971-12-19T07:13:38,1971-12-19T16:21:22,0.07,Partially cloudy,Partly cloudy throughout the day.,partly-cloudy-day,99999914819
"Chicago,United States",1971-12-20,6.2,0.1,2.9,2.2,-4.6,-0.3,1,87.8,,0,0,,,,,24.1,241.6,1009.9,100,5.8,,,,,1971-12-20T07:14:13,1971-12-20T16:21:48,0.11,Overcast,Cloudy skies throughout the day.,cloudy,99999914819
"Chicago,United States",1971-12-21,2.9,-1.1,0.1,-0.5,-6.5,-4.3,-4.4,72.7,,0,0,,,,,20.5,328.6,1027.2,60.8,10,,,,,1971-12-21T07:14:46,1971-12-21T16:22:15,0.14,Partially cloudy,Clearing in the afternoon.,partly-cloudy-day,99999914819
"Chicago,United States",1971-12-22,3.4,-2.1,0.8,-0.8,-8.3,-4.3,-7.2,55.4,,0,0,,,,,25.9,130.7,1039.7,49.6,18,,,,,1971-12-22T07:15:17,1971-12-22T16:22:45,0.18,Partially cloudy,Partly cloudy throughout the day.,partly-cloudy-day,99999914819
"Chicago,United States",1971-12-23,9.4,1.2,5.2,5.9,-3.8,0.6,0.3,70.5,,0,0,,,,,37.1,188.7,1023.3,98.3,15,,,,,1971-12-23T07:15:46,1971-12-23T16:23:17,0.21,Overcast,Cloudy skies throughout the day.,cloudy,99999914819
"Chicago,United States",1971-12-24,10.7,0.7,6,10.7,0.1,3.2,1.9,74.9,,0,0,,,,,33.5,277.1,1024.8,66.3,12.4,,,,,1971-12-24T07:16:12,1971-12-24T16:23:50,0.25,Partially cloudy,Partly cloudy throughout the day.,partly-cloudy-day,99999914819
"Chicago,United States",1971-12-25,11.7,-1.1,5.1,11.7,-3.2,2,3.7,90.8,,0,0,,,,,27.7,172.8,1019.4,98.3,6.3,,,,,1971-12-25T07:16:36,1971-12-25T16:24:26,0.28,Overcast,Cloudy skies throughout the day.,cloudy,99999914819
"Chicago,United States",1971-12-26,12.2,2.9,5.8,12.2,-1.1,3.3,4.3,89.7,,0,0,,,,,16.6,339.4,1014.1,100,6.5,,,,,1971-12-26T07:16:59,1971-12-26T16:25:05,0.32,Overcast,Cloudy skies throughout the day.,cloudy,99999914819
"Chicago,United States",1971-12-27,12.2,-4.9,4.1,12.2,-12.6,0.5,2.5,89.3,,0,0,,,,,31.7,254.8,1011.7,94.2,6.3,,,,,1971-12-27T07:17:18,1971-12-27T16:25:45,0.35,Overcast,Cloudy skies throughout the day.,cloudy,99999914819
"Chicago,United States",1971-12-28,-3.3,-8.8,-6,-8.5,-17.7,-12.6,-10.3,71.4,,0,0,,,,,27.7,249.9,1024.9,45.4,18.7,,,,,1971-12-28T07:17:36,1971-12-28T16:26:27,0.39,Partially cloudy,Partly cloudy throughout the day.,partly-cloudy-day,99999914819
"Chicago,United States",1971-12-29,3.4,-4.3,0.3,2.2,-10.1,-4,-3,78.6,,0,0,,,,,24.1,179.6,1019.3,83.3,15,,,,,1971-12-29T07:17:51,1971-12-29T16:27:11,0.43,Partially cloudy,Partly cloudy throughout the day.,partly-cloudy-day,99999914819
"Chicago,United States",1971-12-30,7.2,-2.1,1.9,2.6,-7.6,-3.5,-1,81.7,,0,0,,,,,51.8,280,1004.7,90,14.4,,,,,1971-12-30T07:18:04,1971-12-30T16:27:56,0.46,Partially cloudy,Partly cloudy throughout the day.,wind,99999914819
"Chicago,United States",1971-12-31,1.7,-3.3,-0.5,-2.1,-8.3,-5.1,-4.4,74.8,,0,0,,,,,27.7,207.5,1020.2,39.2,18.6,,,,,1971-12-31T07:18:15,1971-12-31T16:28:44,0.5,Partially cloudy,Clearing in the afternoon.,partly-cloudy-day,99999914819
